,-10,-9.798,-9.596,-9.3939,-9.1919,-8.9899,-8.7879,-8.5859,-8.3838,-8.1818,-7.9798,-7.7778,-7.5758,-7.3737,-7.1717,-6.9697,-6.7677,-6.5657,-6.3636,-6.1616,-5.9596,-5.7576,-5.5556,-5.3535,-5.1515,-4.9495,-4.7475,-4.5455,-4.3434,-4.1414,-3.9394,-3.7374,-3.5354,-3.3333,-3.1313,-2.9293,-2.7273,-2.5253,-2.3232,-2.1212,-1.9192,-1.7172,-1.5152,-1.3131,-1.1111,-0.90909,-0.70707,-0.50505,-0.30303,-0.10101,0.10101,0.30303,0.50505,0.70707,0.90909,1.1111,1.3131,1.5152,1.7172,1.9192,2.1212,2.3232,2.5253,2.7273,2.9293,3.1313,3.3333,3.5354,3.7374,3.9394,4.1414,4.3434,4.5455,4.7475,4.9495,5.1515,5.3535,5.5556,5.7576,5.9596,6.1616,6.3636,6.5657,6.7677,6.9697,7.1717,7.3737,7.5758,7.7778,7.9798,8.1818,8.3838,8.5859,8.7879,8.9899,9.1919,9.3939,9.596,9.798,10
-10,1200,1171.9,1144.1,1116.6,1089.5,1062.7,1036.2,1010,984.19,958.68,933.5,908.64,884.11,859.91,836.04,812.49,789.27,766.37,743.8,721.56,699.64,678.05,656.79,635.85,615.24,594.96,575,555.37,536.07,517.09,498.44,480.11,462.12,444.44,427.1,410.08,393.39,377.02,360.98,345.27,329.88,314.83,300.09,285.69,271.6,257.85,244.42,231.32,218.55,206.1,193.98,182.19,170.72,159.58,148.76,138.27,128.11,118.27,108.76,99.582,90.725,82.196,73.992,66.116,58.565,51.342,44.444,37.874,31.629,25.712,20.12,14.856,9.9174,5.3056,1.0203,-2.9385,-6.5708,-9.8765,-12.856,-15.509,-17.835,-19.835,-21.508,-22.855,-23.875,-24.569,-24.936,-24.977,-24.691,-24.079,-23.14,-21.875,-20.284,-18.365,-16.121,-13.55,-10.652,-7.4278,-3.8772,0
-9.798,1179.9,1152,1124.5,1097.2,1070.3,1043.8,1017.5,991.61,966.02,940.76,915.82,891.22,866.93,842.98,819.34,796.04,773.06,750.41,728.09,706.09,684.42,663.08,642.06,621.37,601,580.96,561.25,541.86,522.8,504.07,485.66,467.58,449.83,432.4,415.3,398.53,382.08,365.96,350.17,334.7,319.56,304.74,290.26,276.09,262.26,248.75,235.57,222.71,210.18,197.98,186.1,174.55,163.33,152.43,141.86,131.62,121.7,112.11,102.85,93.909,85.297,77.013,69.054,61.422,54.117,47.138,40.486,34.16,28.16,22.488,17.141,12.121,7.4278,3.0609,-0.97949,-4.6934,-8.0808,-11.142,-13.876,-16.284,-18.365,-20.12,-21.549,-22.651,-23.426,-23.875,-23.998,-23.793,-23.263,-22.406,-21.222,-19.712,-17.876,-15.713,-13.223,-10.407,-7.2646,-3.7955,1.1369e-13,4.122
-9.596,1159.9,1132.3,1105,1078,1051.4,1025,999.04,973.37,948.03,923.01,898.32,873.95,849.91,826.2,802.82,779.76,757.02,734.62,712.54,690.79,669.36,648.26,627.49,607.04,586.92,567.13,547.66,528.52,509.7,491.22,473.05,455.22,437.71,420.53,403.67,387.14,370.94,355.07,339.52,324.29,309.4,294.83,280.58,266.67,253.08,239.81,226.87,214.26,201.98,190.02,178.39,167.08,156.11,145.45,135.13,125.13,115.46,106.11,97.092,88.399,80.033,71.993,64.279,56.892,49.832,43.098,36.69,30.609,24.855,19.427,14.325,9.55,5.1015,0.97949,-2.816,-6.2851,-9.4276,-12.244,-14.733,-16.896,-18.733,-20.243,-21.426,-22.283,-22.814,-23.018,-22.896,-22.447,-21.671,-20.569,-19.141,-17.386,-15.305,-12.897,-10.162,-7.1013,-3.7139,0,4.0404,8.4073
-9.3939,1140.1,1112.7,1085.7,1059,1032.5,1006.5,980.72,955.29,930.19,905.42,880.97,856.85,833.06,809.59,786.45,763.64,741.15,718.99,697.15,675.65,654.46,633.61,613.08,592.88,573,553.45,534.23,515.34,496.77,478.52,460.61,443.02,425.75,408.82,392.2,375.92,359.96,344.33,329.03,314.05,299.4,285.07,271.07,257.4,244.06,231.04,218.35,205.98,193.94,182.23,170.84,159.78,149.05,138.64,128.56,118.8,109.38,100.28,91.501,83.053,74.931,67.136,59.667,52.525,45.71,39.22,33.058,27.222,21.712,16.529,11.672,7.1421,2.9385,-0.93868,-4.4893,-7.7135,-10.611,-13.182,-15.427,-17.345,-18.937,-20.202,-21.141,-21.753,-22.039,-21.998,-21.63,-20.937,-19.916,-18.57,-16.896,-14.896,-12.57,-9.9174,-6.9381,-3.6323,0,3.9588,8.2441,12.856
-9.1919,1120.5,1093.4,1066.5,1040.1,1013.9,988.06,962.55,937.37,912.52,887.99,863.79,839.91,816.37,793.14,770.25,747.68,725.44,703.52,681.93,660.67,639.73,619.12,598.84,578.88,559.25,539.94,520.97,502.32,483.99,465.99,448.32,430.98,413.96,397.27,380.9,364.86,349.15,333.76,318.7,303.97,289.56,275.48,261.73,248.3,235.2,222.43,209.98,197.86,186.06,174.59,163.45,152.64,142.15,131.99,122.15,112.64,103.46,94.603,86.073,77.87,69.993,62.443,55.219,48.322,41.751,35.507,29.589,23.998,18.733,13.795,9.1827,4.8975,0.93868,-2.6936,-5.9994,-8.9787,-11.631,-13.958,-15.958,-17.631,-18.978,-19.998,-20.692,-21.059,-21.1,-20.814,-20.202,-19.263,-17.998,-16.406,-14.488,-12.244,-9.6725,-6.7748,-3.5507,-5.6843e-14,3.8772,8.0808,12.611,17.468
-8.9899,1101,1074.1,1047.6,1021.3,995.41,969.82,944.56,919.62,895.01,870.73,846.77,823.14,799.84,776.86,754.21,731.88,709.89,688.22,666.87,645.85,625.16,604.8,584.76,565.04,545.66,526.6,507.87,489.46,471.38,453.63,436.2,419.1,402.33,385.88,369.76,353.96,338.5,323.35,308.54,294.05,279.89,266.05,252.55,239.36,226.51,213.98,201.78,189.9,178.35,167.13,156.23,145.66,135.41,125.5,115.91,106.64,97.704,89.093,80.808,72.85,65.218,57.912,50.934,44.281,37.955,31.956,26.283,20.937,15.917,11.223,6.8564,2.816,-0.89787,-4.2853,-7.3462,-10.081,-12.489,-14.57,-16.325,-17.753,-18.855,-19.631,-20.08,-20.202,-19.998,-19.467,-18.61,-17.427,-15.917,-14.08,-11.917,-9.4276,-6.6116,-3.469,0,3.7955,7.9176,12.366,17.141,22.243
-8.7879,1081.7,1055.1,1028.8,1002.8,977.08,951.74,926.72,902.03,877.67,853.63,829.92,806.53,783.47,760.74,738.33,716.25,694.5,673.07,651.97,631.2,610.75,590.63,570.84,551.37,532.23,513.42,494.93,476.77,458.93,441.42,424.24,407.39,390.86,374.66,358.78,343.23,328.01,313.11,298.54,284.3,270.38,256.79,243.53,230.59,217.98,205.69,193.74,182.1,170.8,159.82,149.17,138.84,128.84,119.17,109.83,100.81,92.113,83.747,75.707,67.993,60.606,53.546,46.812,40.404,34.323,28.569,23.14,18.039,13.264,8.8154,4.6934,0.89787,-2.5712,-5.7137,-8.5297,-11.019,-13.182,-15.019,-16.529,-17.712,-18.57,-19.1,-19.304,-19.182,-18.733,-17.957,-16.855,-15.427,-13.672,-11.591,-9.1827,-6.4483,-3.3874,5.6843e-14,3.7139,7.7543,12.121,16.815,21.835,27.181
-8.5859,1062.6,1036.2,1010.1,984.35,958.92,933.82,909.05,884.6,860.48,836.69,813.22,790.08,767.27,744.78,722.62,700.79,679.28,658.1,637.24,616.71,596.51,576.64,557.09,537.86,518.97,500.4,482.15,464.24,446.65,429.38,412.45,395.84,379.55,363.6,347.96,332.66,317.68,303.03,288.71,274.71,261.03,247.69,234.67,221.98,209.61,197.57,185.86,174.47,163.41,152.68,142.27,132.19,122.44,113.01,103.91,95.133,86.685,78.563,70.768,63.3,56.158,49.342,42.853,36.69,30.854,25.344,20.161,15.305,10.774,6.5708,2.6936,-0.85706,-4.0812,-6.9789,-9.55,-11.795,-13.713,-15.305,-16.57,-17.508,-18.121,-18.406,-18.365,-17.998,-17.304,-16.284,-14.937,-13.264,-11.264,-8.9379,-6.2851,-3.3058,0,3.6323,7.5911,11.876,16.488,21.426,26.691,32.282
-8.3838,1043.6,1017.4,991.61,966.11,940.92,916.07,891.54,867.34,843.46,819.92,796.69,773.8,751.23,728.99,707.07,685.48,664.22,643.28,622.67,602.39,582.43,562.8,543.5,524.52,505.87,487.54,469.54,451.87,434.53,417.51,400.82,384.45,368.41,352.7,337.31,322.25,307.52,293.11,279.03,265.28,251.85,238.75,225.98,213.53,201.41,189.61,178.15,167,156.19,145.7,135.54,125.7,116.19,107.01,98.153,89.624,81.42,73.544,65.993,58.77,51.872,45.301,39.057,33.139,27.548,22.283,17.345,12.733,8.4481,4.4893,0.85706,-2.4487,-5.428,-8.0808,-10.407,-12.407,-14.08,-15.427,-16.447,-17.141,-17.508,-17.549,-17.264,-16.651,-15.713,-14.448,-12.856,-10.938,-8.693,-6.1218,-3.2242,-5.6843e-14,3.5507,7.4278,11.631,16.162,21.018,26.201,31.711,37.547
-8.1818,1024.8,998.88,973.29,948.03,923.09,898.48,874.2,850.24,826.61,803.31,780.33,757.68,735.35,713.36,691.68,670.34,649.32,628.63,608.26,588.23,568.51,549.13,530.07,511.34,492.93,474.85,457.1,439.67,422.57,405.8,389.35,373.23,357.43,341.97,326.82,312.01,297.52,283.36,269.52,256.01,242.83,229.98,217.45,205.24,193.37,181.82,170.59,159.7,149.13,138.88,128.97,119.38,110.11,101.17,92.562,84.277,76.319,68.687,61.381,54.403,47.75,41.424,35.425,29.752,24.406,19.386,14.692,10.325,6.2851,2.5712,-0.81624,-3.8772,-6.6116,-9.0195,-11.101,-12.856,-14.284,-15.386,-16.162,-16.611,-16.733,-16.529,-15.998,-15.141,-13.958,-12.448,-10.611,-8.4481,-5.9586,-3.1425,5.6843e-14,3.469,7.2646,11.387,15.835,20.61,25.712,31.14,36.894,42.975
-7.9798,1006.1,980.47,955.13,930.11,905.42,881.05,857.01,833.3,809.92,786.86,764.13,741.72,719.64,697.89,676.46,655.36,634.59,614.14,594.02,574.23,554.76,535.62,516.8,498.32,480.16,462.32,444.81,427.63,410.77,394.25,378.04,362.17,346.62,331.39,316.5,301.93,287.68,273.77,260.18,246.91,233.98,221.37,209.08,197.12,185.49,174.19,163.21,152.56,142.23,132.23,122.56,113.21,104.19,95.5,87.134,79.094,71.38,63.993,56.933,50.199,43.791,37.71,31.956,26.528,21.426,16.651,12.203,8.0808,4.2853,0.81624,-2.3263,-5.1423,-7.6319,-9.7949,-11.631,-13.142,-14.325,-15.182,-15.713,-15.917,-15.794,-15.345,-14.57,-13.468,-12.04,-10.285,-8.2032,-5.7953,-3.0609,0,3.3874,7.1013,11.142,15.509,20.202,25.222,30.568,36.241,42.241,48.566
-7.7778,987.65,962.23,937.13,912.36,887.91,863.79,840,816.53,793.39,770.57,748.09,725.93,704.09,682.58,661.4,640.55,620.02,599.82,579.94,560.39,541.17,522.27,503.7,485.46,467.54,449.95,432.69,415.75,399.14,382.86,366.9,351.27,335.97,320.99,306.34,292.01,278.01,264.34,250.99,237.98,225.28,212.92,200.88,189.16,177.78,166.72,155.98,145.58,135.5,125.74,116.31,107.21,98.439,89.991,81.869,74.074,66.605,59.463,52.648,46.159,39.996,34.16,28.65,23.467,18.61,14.08,9.8765,5.9994,2.4487,-0.77543,-3.6731,-6.2443,-8.4889,-10.407,-11.999,-13.264,-14.203,-14.815,-15.1,-15.06,-14.692,-13.999,-12.978,-11.631,-9.9582,-7.9584,-5.6321,-2.9793,0,3.3058,6.9381,10.897,15.182,19.794,24.732,29.997,35.588,41.506,47.75,54.321
-7.5758,969.33,944.15,919.29,894.77,870.56,846.69,823.14,799.92,777.02,754.45,732.21,710.29,688.71,667.44,646.51,625.9,605.61,585.65,566.02,546.72,527.74,509.09,490.77,472.77,455.1,437.75,420.73,404.04,387.67,371.64,355.92,340.54,325.48,310.74,296.34,282.26,268.5,255.08,241.98,229.2,216.75,204.63,192.84,181.37,170.23,159.41,148.92,138.76,128.93,119.42,110.23,101.38,92.848,84.644,76.768,69.217,61.994,55.096,48.526,42.281,36.364,30.772,25.508,20.569,15.958,11.672,7.7135,4.0812,0.77543,-2.2039,-4.8566,-7.1829,-9.1827,-10.856,-12.203,-13.223,-13.917,-14.284,-14.325,-14.039,-13.427,-12.489,-11.223,-9.6317,-7.7135,-5.4688,-2.8977,0,3.2242,6.7748,10.652,14.856,19.386,24.242,29.426,34.935,40.771,46.934,53.423,60.239
-7.3737,951.17,926.23,901.62,877.34,853.38,829.75,806.45,783.47,760.82,738.5,716.5,694.83,673.48,652.46,631.77,611.41,591.37,571.66,552.27,533.21,514.48,496.07,477.99,460.24,442.81,425.71,408.94,392.49,376.37,360.58,345.11,329.97,315.15,300.66,286.5,272.67,259.16,245.97,233.12,220.59,208.39,196.51,184.96,173.74,162.84,152.27,142.03,132.11,122.52,113.25,104.32,95.705,87.42,79.461,71.829,64.524,57.545,50.893,44.567,38.567,32.895,27.548,22.528,17.835,13.468,9.4276,5.7137,2.3263,-0.73462,-3.469,-5.877,-7.9584,-9.7133,-11.142,-12.244,-13.019,-13.468,-13.59,-13.386,-12.856,-11.999,-10.815,-9.3052,-7.4686,-5.3056,-2.816,0,3.1425,6.6116,10.407,14.529,18.978,23.753,28.854,34.282,40.037,46.118,52.525,59.259,66.32
-7.1717,933.17,908.48,884.11,860.08,836.36,812.98,789.92,767.19,744.78,722.7,700.95,679.52,658.42,637.65,617.2,597.08,577.29,557.82,538.68,519.87,501.38,483.22,465.38,447.87,430.69,413.84,397.31,381.1,365.23,349.68,334.46,319.56,304.99,290.75,276.83,263.24,249.97,237.04,224.43,212.14,200.18,188.55,177.25,166.27,155.62,145.29,135.29,125.62,116.27,107.25,98.561,90.195,82.155,74.441,67.054,59.994,53.26,46.852,40.771,35.017,29.589,24.487,19.712,15.264,11.142,7.3462,3.8772,0.73462,-2.0814,-4.571,-6.734,-8.5706,-10.081,-11.264,-12.121,-12.652,-12.856,-12.733,-12.284,-11.509,-10.407,-8.9787,-7.2238,-5.1423,-2.7344,0,3.0609,6.4483,10.162,14.203,18.57,23.263,28.283,33.629,39.302,45.301,51.627,58.28,65.259,72.564
-6.9697,915.34,890.89,866.77,842.98,819.51,796.37,773.55,751.07,728.91,707.07,685.56,664.38,643.53,623,602.8,582.92,563.37,544.15,525.25,506.68,488.44,470.52,452.93,435.67,418.73,402.12,385.84,369.88,354.25,338.95,323.97,309.32,294.99,280.99,267.32,253.97,240.96,228.26,215.9,203.86,192.14,180.76,169.7,158.96,148.56,138.48,128.72,119.29,110.19,101.42,92.97,84.848,77.053,69.585,62.443,55.627,49.138,42.975,37.139,31.629,26.446,21.59,17.059,12.856,8.9787,5.428,2.2039,-0.69381,-3.265,-5.5096,-7.4278,-9.0195,-10.285,-11.223,-11.836,-12.121,-12.08,-11.713,-11.019,-9.999,-8.6522,-6.9789,-4.9791,-2.6528,-5.6843e-14,2.9793,6.2851,9.9174,13.876,18.161,22.773,27.711,32.976,38.567,44.485,50.73,57.3,64.198,71.421,78.972
-6.7677,897.66,873.46,849.59,826.04,802.82,779.92,757.35,735.11,713.19,691.6,670.34,649.4,628.79,608.51,588.55,568.92,549.62,530.64,511.99,493.66,475.67,457.99,440.65,423.63,406.94,390.57,374.53,358.82,343.43,328.37,313.64,299.23,285.15,271.4,257.97,244.87,232.1,219.65,207.53,195.74,184.27,173.13,162.31,151.82,141.66,131.82,122.31,113.13,104.28,95.745,87.542,79.665,72.115,64.891,57.994,51.423,45.179,39.261,33.67,28.405,23.467,18.855,14.57,10.611,6.9789,3.6731,0.69381,-1.959,-4.2853,-6.2851,-7.9584,-9.3052,-10.325,-11.019,-11.387,-11.427,-11.142,-10.53,-9.5909,-8.3257,-6.734,-4.8158,-2.5712,0,2.8977,6.1218,9.6725,13.55,17.753,22.283,27.14,32.323,37.833,43.669,49.832,56.321,63.136,70.279,77.747,85.542
-6.5657,880.16,856.2,832.57,809.26,786.29,763.64,741.31,719.31,697.64,676.3,655.28,634.59,614.22,594.18,574.47,555.09,536.03,517.29,498.89,480.81,463.05,445.63,428.53,411.75,395.31,379.19,363.39,347.92,332.78,317.97,303.48,289.32,275.48,261.97,248.79,235.94,223.41,211.2,199.33,187.78,176.55,165.66,155.09,144.84,134.93,125.33,116.07,107.13,98.521,90.236,82.277,74.645,67.34,60.361,53.709,47.383,41.384,35.711,30.364,25.344,20.651,16.284,12.244,8.5297,5.1423,2.0814,-0.65299,-3.0609,-5.1423,-6.8973,-8.3257,-9.4276,-10.203,-10.652,-10.774,-10.57,-10.04,-9.1827,-7.9992,-6.4891,-4.6526,-2.4895,0,2.816,5.9586,9.4276,13.223,17.345,21.794,26.569,31.67,37.098,42.853,48.934,55.341,62.075,69.136,76.523,84.236,92.276
-6.3636,862.81,839.1,815.71,792.65,769.92,747.52,725.44,703.68,682.26,661.16,640.38,619.94,599.82,580.02,560.56,541.41,522.6,504.11,485.95,468.12,450.61,433.43,416.57,400.04,383.84,367.96,352.41,337.19,322.29,307.72,293.48,279.56,265.97,252.71,239.77,227.16,214.88,202.92,191.29,179.98,169,158.35,148.03,138.03,128.35,119.01,109.99,101.3,92.929,84.889,77.176,69.789,62.728,55.994,49.587,43.506,37.751,32.323,27.222,22.447,17.998,13.876,10.081,6.6116,3.469,0.65299,-1.8365,-3.9996,-5.8361,-7.3462,-8.5297,-9.3868,-9.9174,-10.121,-9.999,-9.55,-8.7746,-7.6727,-6.2443,-4.4893,-2.4079,0,2.7344,5.7953,9.1827,12.897,16.937,21.304,25.997,31.017,36.364,42.037,48.036,54.362,61.014,67.993,75.298,82.93,90.889,99.174
-6.1616,845.63,822.16,799.02,776.21,753.72,731.56,709.72,688.22,667.03,646.18,625.65,605.45,585.57,566.02,546.8,527.91,509.34,491.09,473.18,455.59,438.32,421.39,404.78,388.49,372.53,356.9,341.6,326.62,311.97,297.64,283.64,269.97,256.63,243.61,230.92,218.55,206.51,194.8,183.41,172.35,161.62,151.21,141.13,131.37,121.95,112.85,104.07,95.623,87.501,79.706,72.238,65.095,58.28,51.791,45.628,39.792,34.282,29.099,24.242,19.712,15.509,11.631,8.0808,4.8566,1.959,-0.61218,-2.8569,-4.775,-6.3667,-7.6319,-8.5706,-9.1827,-9.4684,-9.4276,-9.0603,-8.3665,-7.3462,-5.9994,-4.3261,-2.3263,0,2.6528,5.6321,8.9379,12.57,16.529,20.814,25.426,30.364,35.629,41.22,47.138,53.382,59.953,66.85,74.074,81.624,89.501,97.704,106.23
-5.9596,828.61,805.39,782.49,759.92,737.68,715.76,694.17,672.91,651.97,631.36,611.08,591.12,571.49,552.19,533.21,514.56,496.24,478.24,460.57,443.22,426.2,409.51,393.14,377.1,361.39,346.01,330.95,316.21,301.81,287.73,273.97,260.54,247.44,234.67,222.22,210.1,198.31,186.84,175.7,164.88,154.39,144.23,134.39,124.89,115.7,106.85,98.316,90.113,82.237,74.686,67.463,60.565,53.994,47.75,41.832,36.241,30.976,26.038,21.426,17.141,13.182,9.55,6.2443,3.265,0.61218,-1.7141,-3.7139,-5.3872,-6.734,-7.7543,-8.4481,-8.8154,-8.8562,-8.5706,-7.9584,-7.0197,-5.7545,-4.1628,-2.2447,-2.8422e-14,2.5712,5.4688,8.693,12.244,16.121,20.324,24.855,29.711,34.894,40.404,46.24,52.403,58.892,65.708,72.85,80.318,88.113,96.235,104.68,113.46
-5.7576,811.75,788.78,766.13,743.8,721.8,700.13,678.79,657.77,637.08,616.71,596.67,576.96,557.58,538.52,519.78,501.38,483.3,465.54,448.12,431.02,414.24,397.8,381.68,365.88,350.41,335.27,320.46,305.97,291.81,277.97,264.46,251.28,238.42,225.9,213.69,201.82,190.27,179.04,168.15,157.58,147.33,137.41,127.82,118.56,109.62,101.01,92.725,84.767,77.135,69.83,62.851,56.198,49.872,43.873,38.2,32.854,27.834,23.14,18.774,14.733,11.019,7.6319,4.571,1.8365,-0.57137,-2.6528,-4.4077,-5.8361,-6.9381,-7.7135,-8.1624,-8.2849,-8.0808,-7.5502,-6.6932,-5.5096,-3.9996,-2.163,2.8422e-14,2.4895,5.3056,8.4481,11.917,15.713,19.835,24.283,29.058,34.16,39.588,45.342,51.423,57.831,64.565,71.625,79.012,86.726,94.766,103.13,111.83,120.84
-5.5556,795.06,772.33,749.92,727.84,706.09,684.66,663.56,642.79,622.34,602.22,582.43,562.96,543.82,525.01,506.52,488.36,470.52,453.01,435.83,418.98,402.45,386.25,370.37,354.82,339.6,324.7,310.13,295.89,281.97,268.38,255.12,242.18,229.57,217.28,205.33,193.69,182.39,171.41,160.76,150.43,140.43,130.76,121.42,112.4,103.7,95.337,87.297,79.584,72.197,65.136,58.402,51.995,45.914,40.159,34.731,29.63,24.855,20.406,16.284,12.489,9.0195,5.877,3.0609,0.57137,-1.5917,-3.4282,-4.9383,-6.1218,-6.9789,-7.5094,-7.7135,-7.5911,-7.1421,-6.3667,-5.2648,-3.8363,-2.0814,0,2.4079,5.1423,8.2032,11.591,15.305,19.345,23.712,28.405,33.425,38.772,44.444,50.444,56.77,63.422,70.401,77.706,85.338,93.297,101.58,110.19,119.13,128.4
-5.3535,778.53,756.05,733.88,712.05,690.54,669.36,648.51,627.98,607.77,587.9,568.35,549.13,530.23,511.66,493.42,475.5,457.91,440.65,423.71,407.1,390.82,374.86,359.23,343.92,328.95,314.29,299.97,285.97,272.3,258.95,245.93,233.24,220.88,208.84,197.12,185.74,174.68,163.94,153.54,143.45,133.7,124.27,115.17,106.4,97.949,89.828,82.032,74.564,67.422,60.606,54.117,47.954,42.118,36.609,31.425,26.569,22.039,17.835,13.958,10.407,7.1829,4.2853,1.7141,-0.53056,-2.4487,-4.0404,-5.3056,-6.2443,-6.8564,-7.1421,-7.1013,-6.734,-6.0402,-5.0199,-3.6731,-1.9998,-2.8422e-14,2.3263,4.9791,7.9584,11.264,14.896,18.855,23.14,27.752,32.691,37.955,43.547,49.464,55.709,62.279,69.177,76.4,83.951,91.827,100.03,108.56,117.42,126.6,136.11
-5.1515,762.17,739.92,718.01,696.42,675.16,654.22,633.61,613.33,593.37,573.74,554.43,535.46,516.8,498.48,480.48,462.81,445.46,428.45,411.75,395.39,379.35,363.64,348.25,333.19,318.46,304.05,289.97,276.22,262.79,249.69,236.91,224.47,212.35,200.55,189.08,177.94,167.13,156.64,146.47,136.64,127.13,117.95,109.09,100.56,92.358,84.481,76.931,69.707,62.81,56.239,49.995,44.077,38.486,33.221,28.283,23.671,19.386,15.427,11.795,8.4889,5.5096,2.8569,0.53056,-1.4692,-3.1425,-4.4893,-5.5096,-6.2034,-6.5708,-6.6116,-6.3259,-5.7137,-4.775,-3.5098,-1.9182,0,2.2447,4.8158,7.7135,10.938,14.488,18.365,22.569,27.099,31.956,37.139,42.649,48.485,54.647,61.137,67.952,75.094,82.563,90.358,98.48,106.93,115.7,124.8,134.23,143.99
-4.9495,745.96,723.97,702.3,680.95,659.93,639.24,618.88,598.84,579.12,559.74,540.68,521.95,503.54,485.46,467.71,450.28,433.18,416.41,399.96,383.84,368.04,352.58,337.43,322.62,308.13,293.97,280.13,266.63,253.44,240.59,228.06,215.86,203.98,192.43,181.21,170.31,159.74,149.49,139.58,129.99,120.72,111.78,103.17,94.888,86.93,79.298,71.993,65.014,58.361,52.036,46.036,40.363,35.017,29.997,25.304,20.937,16.896,13.182,9.7949,6.734,3.9996,1.5917,-0.48975,-2.2447,-3.6731,-4.775,-5.5505,-5.9994,-6.1218,-5.9178,-5.3872,-4.5301,-3.3466,-1.8365,0,2.163,4.6526,7.4686,10.611,14.08,17.876,21.998,26.446,31.221,36.323,41.751,47.505,53.586,59.994,66.728,73.788,81.175,88.889,96.929,105.3,113.99,123.01,132.35,142.03,152.03
-4.7475,729.93,708.17,686.75,665.65,644.87,624.43,604.31,584.51,565.04,545.9,527.09,508.6,490.44,472.6,455.1,437.91,421.06,404.53,388.33,372.45,356.9,341.68,326.78,312.21,297.97,284.05,270.46,257.2,244.26,231.65,219.37,207.41,195.78,184.47,173.49,162.84,152.52,142.52,132.84,123.5,114.48,105.79,97.419,89.379,81.665,74.278,67.218,60.484,54.076,47.995,42.241,36.813,31.711,26.936,22.488,18.365,14.57,11.101,7.9584,5.1423,2.6528,0.48975,-1.3468,-2.8569,-4.0404,-4.8975,-5.428,-5.6321,-5.5096,-5.0607,-4.2853,-3.1833,-1.7549,0,2.0814,4.4893,7.2238,10.285,13.672,17.386,21.426,25.793,30.487,35.507,40.853,46.526,52.525,58.851,65.504,72.482,79.788,87.42,95.378,103.66,112.27,121.21,130.48,140.07,149.98,160.23
-4.5455,714.05,692.54,671.36,650.51,629.98,609.77,589.9,570.35,551.13,532.23,513.66,495.42,477.5,459.91,442.65,425.71,409.1,392.82,376.86,361.23,345.92,330.95,316.29,301.97,287.97,274.3,260.95,247.93,235.24,222.88,210.84,199.12,187.74,176.68,165.94,155.54,145.45,135.7,126.27,117.17,108.4,99.949,91.827,84.032,76.564,69.421,62.606,56.117,49.954,44.118,38.608,33.425,28.569,24.038,19.835,15.958,12.407,9.1827,6.2851,3.7139,1.4692,-0.44893,-2.0406,-3.3058,-4.2445,-4.8566,-5.1423,-5.1015,-4.7342,-4.0404,-3.0201,-1.6733,0,1.9998,4.3261,6.9789,9.9582,13.264,16.896,20.855,25.14,29.752,34.69,39.955,45.546,51.464,57.708,64.279,71.176,78.4,85.95,93.827,102.03,110.56,119.42,128.6,138.11,147.94,158.11,168.6
-4.3434,698.34,677.07,656.14,635.53,615.24,595.29,575.66,556.35,537.37,518.72,500.4,482.4,464.73,447.38,430.36,413.67,397.31,381.27,365.55,350.17,335.11,320.38,305.97,291.89,278.13,264.71,251.61,238.83,226.39,214.26,202.47,191,179.86,169.04,158.56,148.39,138.56,129.05,119.87,111.01,102.48,94.276,86.399,78.849,71.625,64.728,58.157,51.913,45.995,40.404,35.139,30.201,25.589,21.304,17.345,13.713,10.407,7.4278,4.775,2.4487,0.44893,-1.2244,-2.5712,-3.5915,-4.2853,-4.6526,-4.6934,-4.4077,-3.7955,-2.8569,-1.5917,0,1.9182,4.1628,6.734,9.6317,12.856,16.406,20.284,24.487,29.017,33.874,39.057,44.567,50.403,56.566,63.055,69.87,77.013,84.481,92.276,100.4,108.85,117.62,126.72,136.15,145.9,155.98,166.39,177.12
-4.1414,682.79,661.77,641.08,620.71,600.67,580.96,561.58,542.52,523.78,505.38,487.3,469.54,452.12,435.02,418.24,401.8,385.67,369.88,354.41,339.27,324.46,309.97,295.81,281.97,268.46,255.28,242.42,229.89,217.69,205.82,194.27,183.04,172.15,161.58,151.33,141.41,131.82,122.56,113.62,105.01,96.725,88.766,81.135,73.829,66.85,60.198,53.872,47.873,42.2,36.853,31.833,27.14,22.773,18.733,15.019,11.631,8.5706,5.8361,3.4282,1.3468,-0.40812,-1.8365,-2.9385,-3.7139,-4.1628,-4.2853,-4.0812,-3.5507,-2.6936,-1.51,1.4211e-14,1.8365,3.9996,6.4891,9.3052,12.448,15.917,19.712,23.834,28.283,33.058,38.159,43.587,49.342,55.423,61.83,68.564,75.625,83.012,90.725,98.765,107.13,115.82,124.84,134.19,143.86,153.86,164.19,174.84,185.82
-3.9394,667.4,646.63,626.18,606.06,586.27,566.8,547.66,528.84,510.36,492.19,474.36,456.85,439.67,422.81,406.29,390.08,374.21,358.66,343.43,328.54,313.97,299.72,285.81,272.22,258.95,246.02,233.4,221.12,209.16,197.53,186.23,175.25,164.6,154.27,144.27,134.6,125.25,116.23,107.54,99.174,91.134,83.42,76.033,68.973,62.239,55.831,49.75,43.996,38.567,33.466,28.691,24.242,20.12,16.325,12.856,9.7133,6.8973,4.4077,2.2447,0.40812,-1.1019,-2.2855,-3.1425,-3.6731,-3.8772,-3.7547,-3.3058,-2.5304,-1.4284,0,1.7549,3.8363,6.2443,8.9787,12.04,15.427,19.141,23.181,27.548,32.242,37.262,42.608,48.281,54.28,60.606,67.258,74.237,81.543,89.175,97.133,105.42,114.03,122.97,132.23,141.82,151.74,161.98,172.55,183.45,194.67
-3.7374,652.18,631.65,611.45,591.57,572.02,552.8,533.9,515.34,497.09,479.18,461.59,444.32,427.38,410.77,394.49,378.53,362.9,347.6,332.62,317.97,303.64,289.64,275.97,262.63,249.61,236.91,224.55,212.51,200.8,189.41,178.35,167.62,157.21,147.13,137.37,127.95,118.85,110.07,101.62,93.501,85.706,78.237,71.095,64.279,57.79,51.627,45.791,40.282,35.098,30.242,25.712,21.508,17.631,14.08,10.856,7.9584,5.3872,3.1425,1.2244,-0.36731,-1.6325,-2.5712,-3.1833,-3.469,-3.4282,-3.0609,-2.3671,-1.3468,0,1.6733,3.6731,5.9994,8.6522,11.631,14.937,18.57,22.528,26.814,31.425,36.364,41.628,47.22,53.137,59.382,65.952,72.85,80.073,87.624,95.5,103.7,112.23,121.09,130.27,139.78,149.62,159.78,170.27,181.08,192.23,203.69
-3.5354,637.12,616.84,596.88,577.25,557.94,538.97,520.31,501.99,483.99,466.32,448.97,431.96,415.26,398.9,382.86,367.15,351.76,336.7,321.97,307.56,293.48,279.73,266.3,253.2,240.42,227.98,215.86,204.06,192.59,181.45,170.64,160.15,149.98,140.15,130.64,121.46,112.6,104.07,95.868,87.991,80.441,73.217,66.32,59.749,53.505,47.587,41.996,36.731,31.793,27.181,22.896,18.937,15.305,11.999,9.0195,6.3667,4.0404,2.0406,0.36731,-0.97949,-1.9998,-2.6936,-3.0609,-3.1017,-2.816,-2.2039,-1.2652,0,1.5917,3.5098,5.7545,8.3257,11.223,14.448,17.998,21.875,26.079,30.609,35.466,40.649,46.159,51.995,58.157,64.646,71.462,78.604,86.073,93.868,101.99,110.44,119.21,128.31,137.74,147.5,157.58,167.98,178.72,189.78,201.16,212.88
-3.3333,622.22,602.18,582.47,563.09,544.03,525.29,506.89,488.81,471.05,453.63,436.53,419.75,403.31,387.18,371.39,355.92,340.78,325.97,311.48,297.32,283.48,269.97,256.79,243.93,231.4,219.2,207.33,195.78,184.55,173.66,163.09,152.84,142.92,133.33,124.07,115.13,106.52,98.235,90.277,82.645,75.339,68.36,61.708,55.382,49.383,43.71,38.363,33.344,28.65,24.283,20.243,16.529,13.142,10.081,7.3462,4.9383,2.8569,1.1019,-0.3265,-1.4284,-2.2039,-2.6528,-2.7752,-2.5712,-2.0406,-1.1836,-1.4211e-14,1.51,3.3466,5.5096,7.9992,10.815,13.958,17.427,21.222,25.344,29.793,34.568,39.669,45.097,50.852,56.933,63.34,70.074,77.135,84.522,92.235,100.28,108.64,117.33,126.35,135.7,145.37,155.37,165.7,176.35,187.33,198.63,210.26,222.22
-3.1313,607.49,587.7,568.23,549.09,530.27,511.78,493.62,475.79,458.28,441.1,424.24,407.71,391.51,375.64,360.09,344.86,329.97,315.4,301.15,287.24,273.65,260.38,247.44,234.83,222.55,210.59,198.96,187.65,176.68,166.02,155.7,145.7,136.03,126.68,117.66,108.97,100.6,92.562,84.848,77.461,70.401,63.667,57.259,51.178,45.424,39.996,34.894,30.119,25.671,21.549,17.753,14.284,11.142,8.3257,5.8361,3.6731,1.8365,0.3265,-0.85706,-1.7141,-2.2447,-2.4487,-2.3263,-1.8774,-1.1019,0,1.4284,3.1833,5.2648,7.6727,10.407,13.468,16.855,20.569,24.61,28.977,33.67,38.69,44.036,49.709,55.709,62.034,68.687,75.666,82.971,90.603,98.561,106.85,115.46,124.4,133.66,143.25,153.17,163.41,173.98,184.88,196.1,207.65,219.53,231.73
-2.9293,592.92,573.37,554.15,535.25,516.68,498.44,480.52,462.93,445.67,428.73,412.12,395.84,379.88,364.25,348.94,333.97,319.31,304.99,290.99,277.32,263.97,250.95,238.26,225.9,213.86,202.14,190.76,179.7,168.96,158.56,148.47,138.72,129.29,120.19,111.42,102.97,94.847,87.052,79.584,72.442,65.626,59.137,52.974,47.138,41.628,36.445,31.589,27.058,22.855,18.978,15.427,12.203,9.3052,6.734,4.4893,2.5712,0.97949,-0.28569,-1.2244,-1.8365,-2.1222,-2.0814,-1.7141,-1.0203,0,1.3468,3.0201,5.0199,7.3462,9.999,12.978,16.284,19.916,23.875,28.16,32.772,37.71,42.975,48.566,54.484,60.728,67.299,74.197,81.42,88.971,96.847,105.05,113.58,122.44,131.62,141.13,150.96,161.13,171.62,182.43,193.57,205.04,216.84,228.96,241.4
-2.7273,578.51,559.21,540.23,521.58,503.25,485.26,467.58,450.24,433.22,416.53,400.16,384.12,368.41,353.03,337.97,323.23,308.83,294.75,280.99,267.56,254.46,241.69,229.24,217.12,205.33,193.86,182.72,171.9,161.41,151.25,141.41,131.9,122.72,113.87,105.34,97.133,89.256,81.706,74.482,67.585,61.014,54.77,48.852,43.261,37.996,33.058,28.446,24.161,20.202,16.57,13.264,10.285,7.6319,5.3056,3.3058,1.6325,0.28569,-0.73462,-1.4284,-1.7957,-1.8365,-1.5509,-0.93868,-7.1054e-15,1.2652,2.8569,4.775,7.0197,9.5909,12.489,15.713,19.263,23.14,27.344,31.874,36.731,41.914,47.424,53.26,59.423,65.912,72.727,79.869,87.338,95.133,103.25,111.7,120.48,129.58,139.01,148.76,158.84,169.25,179.98,191.04,202.43,214.14,226.18,238.55,251.24
-2.5253,564.27,545.21,526.48,508.07,489.99,472.24,454.81,437.71,420.94,404.49,388.37,372.57,357.11,341.97,327.15,312.66,298.5,284.66,271.16,257.97,245.12,232.59,220.39,208.51,196.96,185.74,174.84,164.27,154.03,144.11,134.52,125.25,116.31,107.7,99.418,91.46,83.828,76.523,69.544,62.892,56.566,50.566,44.893,39.547,34.527,29.834,25.467,21.426,17.712,14.325,11.264,8.5297,6.1218,4.0404,2.2855,0.85706,-0.24487,-1.0203,-1.4692,-1.5917,-1.3876,-0.85706,0,1.1836,2.6936,4.5301,6.6932,9.1827,11.999,15.141,18.61,22.406,26.528,30.976,35.751,40.853,46.281,52.036,58.117,64.524,71.258,78.319,85.706,93.419,101.46,109.83,118.52,127.54,136.88,146.56,156.56,166.88,177.53,188.51,199.82,211.45,223.41,235.69,248.3,261.24
-2.3232,550.19,531.37,512.89,494.73,476.89,459.38,442.2,425.34,408.82,392.61,376.74,361.19,345.96,331.07,316.5,302.25,288.34,274.75,261.48,248.55,235.94,223.65,211.69,200.06,188.76,177.78,167.13,156.8,146.8,137.13,127.78,118.76,110.07,101.7,93.664,85.95,78.563,71.503,64.769,58.361,52.28,46.526,41.098,35.996,31.221,26.773,22.651,18.855,15.386,12.244,9.4276,6.9381,4.775,2.9385,1.4284,0.24487,-0.61218,-1.1427,-1.3468,-1.2244,-0.77543,0,1.1019,2.5304,4.2853,6.3667,8.7746,11.509,14.57,17.957,21.671,25.712,30.079,34.772,39.792,45.138,50.811,56.811,63.136,69.789,76.768,84.073,91.705,99.663,107.95,116.56,125.5,134.76,144.35,154.27,164.51,175.08,185.98,197.2,208.75,220.63,232.83,245.36,258.22,271.4
-2.1212,536.27,517.7,499.46,481.54,463.95,446.69,429.75,413.14,396.86,380.9,365.27,349.96,334.99,320.33,306.01,292.01,278.34,264.99,251.97,239.28,226.92,214.88,203.16,191.78,180.72,169.98,159.58,149.49,139.74,130.31,121.21,112.44,103.99,95.868,88.073,80.604,73.462,66.646,60.157,53.994,48.158,42.649,37.466,32.609,28.079,23.875,19.998,16.447,13.223,10.325,7.7543,5.5096,3.5915,1.9998,0.73462,-0.20406,-0.81624,-1.1019,-1.0611,-0.69381,-3.5527e-15,1.0203,2.3671,4.0404,6.0402,8.3665,11.019,13.999,17.304,20.937,24.895,29.181,33.792,38.731,43.996,49.587,55.505,61.749,68.32,75.217,82.441,89.991,97.868,106.07,114.6,123.46,132.64,142.15,151.98,162.15,172.64,183.45,194.59,206.06,217.86,229.98,242.42,255.2,268.3,281.73
-1.9192,522.52,504.19,486.2,468.52,451.18,434.16,417.47,401.1,385.06,369.35,353.96,338.9,324.17,309.76,295.68,281.93,268.5,255.4,242.63,230.18,218.06,206.26,194.8,183.65,172.84,162.35,152.19,142.35,132.84,123.66,114.8,106.27,98.072,90.195,82.645,75.421,68.524,61.953,55.709,49.791,44.2,38.935,33.997,29.385,25.099,21.141,17.508,14.203,11.223,8.5706,6.2443,4.2445,2.5712,1.2244,0.20406,-0.48975,-0.85706,-0.89787,-0.61218,0,0.93868,2.2039,3.7955,5.7137,7.9584,10.53,13.427,16.651,20.202,24.079,28.283,32.813,37.67,42.853,48.362,54.199,60.361,66.85,73.666,80.808,88.277,96.072,104.19,112.64,121.42,130.52,139.94,149.7,159.78,170.19,180.92,191.98,203.37,215.08,227.12,239.49,252.18,265.2,278.54,292.22
-1.7172,508.93,490.85,473.09,455.67,438.57,421.79,405.35,389.23,373.43,357.96,342.82,328.01,313.52,299.36,285.52,272.01,258.83,245.97,233.45,221.24,209.37,197.82,186.59,175.7,165.13,154.88,144.96,135.37,126.11,117.17,108.56,100.28,92.317,84.685,77.38,70.401,63.749,57.423,51.423,45.75,40.404,35.384,30.691,26.324,22.283,18.57,15.182,12.121,9.3868,6.9789,4.8975,3.1425,1.7141,0.61218,-0.16325,-0.61218,-0.73462,-0.53056,0,0.85706,2.0406,3.5507,5.3872,7.5502,10.04,12.856,15.998,19.467,23.263,27.385,31.833,36.609,41.71,47.138,52.893,58.974,65.381,72.115,79.176,86.563,94.276,102.32,110.68,119.38,128.4,137.74,147.41,157.41,167.74,178.39,189.37,200.67,212.3,224.26,236.55,249.16,262.1,275.36,288.95,302.87
-1.5152,495.5,477.67,460.16,442.98,426.12,409.59,393.39,377.51,361.96,346.74,331.84,317.27,303.03,289.11,275.52,262.26,249.32,236.71,224.43,212.47,200.84,189.53,178.55,167.9,157.58,147.58,137.9,128.56,119.54,110.85,102.48,94.439,86.726,79.339,72.278,65.544,59.137,53.056,47.301,41.873,36.772,31.997,27.548,23.426,19.631,16.162,13.019,10.203,7.7135,5.5505,3.7139,2.2039,1.0203,0.16325,-0.36731,-0.57137,-0.44893,-1.7764e-15,0.77543,1.8774,3.3058,5.0607,7.1421,9.55,12.284,15.345,18.733,22.447,26.487,30.854,35.547,40.567,45.914,51.587,57.586,63.912,70.564,77.543,84.848,92.48,100.44,108.72,117.33,126.27,135.54,145.13,155.05,165.29,175.86,186.76,197.98,209.53,221.41,233.61,246.14,258.99,272.18,285.69,299.52,313.68
-1.3131,482.24,464.65,447.38,430.45,413.84,397.55,381.59,365.96,350.66,335.68,321.03,306.7,292.7,279.03,265.69,252.67,239.98,227.61,215.57,203.86,192.47,181.41,170.68,160.27,150.19,140.43,131.01,121.91,113.13,104.68,96.562,88.766,81.298,74.156,67.34,60.851,54.688,48.852,43.343,38.159,33.303,28.773,24.569,20.692,17.141,13.917,11.019,8.4481,6.2034,4.2853,2.6936,1.4284,0.48975,-0.12244,-0.40812,-0.36731,0,0.69381,1.7141,3.0609,4.7342,6.734,9.0603,11.713,14.692,17.998,21.63,25.589,29.875,34.486,39.425,44.689,50.281,56.198,62.443,69.013,75.911,83.134,90.685,98.561,106.76,115.29,124.15,133.33,142.84,152.68,162.84,173.33,184.14,195.29,206.75,218.55,230.67,243.12,255.89,268.99,282.42,296.17,310.25,324.66
-1.1111,469.14,451.79,434.77,418.08,401.71,385.67,369.96,354.58,339.52,324.78,310.38,296.3,282.54,269.12,256.01,243.24,230.79,218.67,206.88,195.41,184.27,173.45,162.96,152.8,142.97,133.46,124.27,115.42,106.89,98.684,90.807,83.257,76.033,69.136,62.565,56.321,50.403,44.812,39.547,34.609,29.997,25.712,21.753,18.121,14.815,11.836,9.1827,6.8564,4.8566,3.1833,1.8365,0.81624,0.12244,-0.24487,-0.28569,-8.8818e-16,0.61218,1.5509,2.816,4.4077,6.3259,8.5706,11.142,14.039,17.264,20.814,24.691,28.895,33.425,38.282,43.465,48.975,54.811,60.973,67.463,74.278,81.42,88.889,96.684,104.81,113.25,122.03,131.13,140.56,150.31,160.39,170.8,181.53,192.59,203.98,215.69,227.73,240.1,252.79,265.81,279.16,292.83,306.83,321.15,335.8
-0.90909,456.2,439.1,422.32,405.88,389.76,373.96,358.49,343.35,328.54,314.05,299.89,286.05,272.54,259.36,246.51,233.98,221.77,209.9,198.35,187.12,176.23,165.66,155.41,145.5,135.9,126.64,117.7,109.09,100.81,92.848,85.216,77.91,70.932,64.279,57.953,51.954,46.281,40.935,35.915,31.221,26.854,22.814,19.1,15.713,12.652,9.9174,7.5094,5.428,3.6731,2.2447,1.1427,0.36731,-0.081624,-0.20406,0,0.53056,1.3876,2.5712,4.0812,5.9178,8.0808,10.57,13.386,16.529,19.998,23.793,27.916,32.364,37.139,42.241,47.669,53.423,59.504,65.912,72.646,79.706,87.093,94.807,102.85,111.21,119.91,128.93,138.27,147.94,157.94,168.27,178.92,189.9,201.2,212.84,224.79,237.08,249.69,262.63,275.89,289.48,303.4,317.64,332.21,347.11
-0.70707,443.42,426.57,410.04,393.84,377.96,362.41,347.19,332.29,317.72,303.48,289.56,275.97,262.71,249.77,237.16,224.88,212.92,201.29,189.98,179,168.35,158.02,148.03,138.35,129.01,119.99,111.29,102.93,94.888,87.175,79.788,72.727,65.993,59.586,53.505,47.75,42.322,37.221,32.446,27.997,23.875,20.08,16.611,13.468,10.652,8.1624,5.9994,4.1628,2.6528,1.4692,0.61218,0.081624,-0.12244,-4.4409e-16,0.44893,1.2244,2.3263,3.7547,5.5096,7.5911,9.999,12.733,15.794,19.182,22.896,26.936,31.303,35.996,41.016,46.363,52.036,58.035,64.361,71.013,77.992,85.297,92.929,100.89,109.17,117.78,126.72,135.99,145.58,155.49,165.74,176.31,187.21,198.43,209.98,221.85,234.06,246.59,259.44,272.63,286.13,299.97,314.13,328.62,343.43,358.58
-0.50505,430.81,414.2,397.92,381.96,366.33,351.03,336.05,321.4,307.07,293.07,279.4,266.05,253.04,240.34,227.98,215.94,204.22,192.84,181.78,171.04,160.64,150.56,140.8,131.37,122.27,113.5,105.05,96.929,89.134,81.665,74.523,67.707,61.218,55.056,49.219,43.71,38.527,33.67,29.14,24.936,21.059,17.508,14.284,11.387,8.8154,6.5708,4.6526,3.0609,1.7957,0.85706,0.24487,-0.040812,0,0.36731,1.0611,2.0814,3.4282,5.1015,7.1013,9.4276,12.08,15.06,18.365,21.998,25.957,30.242,34.854,39.792,45.057,50.648,56.566,62.81,69.381,76.278,83.502,91.052,98.929,107.13,115.66,124.52,133.7,143.21,153.05,163.21,173.7,184.51,195.65,207.12,218.92,231.04,243.49,256.26,269.36,282.79,296.54,310.62,325.03,339.76,354.82,370.21
-0.30303,418.37,402,385.96,370.25,354.86,339.8,325.07,310.66,296.58,282.83,269.4,256.3,243.53,231.08,218.96,207.16,195.69,184.55,173.74,163.25,153.09,143.25,133.74,124.56,115.7,107.17,98.969,91.093,83.542,76.319,69.421,62.851,56.606,50.689,45.097,39.833,34.894,30.283,25.997,22.039,18.406,15.1,12.121,9.4684,7.1421,5.1423,3.469,2.1222,1.1019,0.40812,0.040812,0,0.28569,0.89787,1.8365,3.1017,4.6934,6.6116,8.8562,11.427,14.325,17.549,21.1,24.977,29.181,33.711,38.567,43.751,49.26,55.096,61.259,67.748,74.564,81.706,89.175,96.97,105.09,113.54,122.31,131.42,140.84,150.6,160.68,171.08,181.82,192.88,204.26,215.98,228.02,240.38,253.08,266.1,279.44,293.11,307.11,321.44,336.09,351.07,366.37,382
-0.10101,406.08,389.96,374.17,358.7,343.56,328.74,314.25,300.09,286.26,272.75,259.57,246.71,234.18,221.98,210.1,198.55,187.33,176.43,165.86,155.62,145.7,136.11,126.84,117.91,109.29,101.01,93.052,85.42,78.114,71.136,64.483,58.157,52.158,46.485,41.139,36.119,31.425,27.058,23.018,19.304,15.917,12.856,10.121,7.7135,5.6321,3.8772,2.4487,1.3468,0.57137,0.12244,0,0.20406,0.73462,1.5917,2.7752,4.2853,6.1218,8.2849,10.774,13.59,16.733,20.202,23.998,28.12,32.568,37.343,42.445,47.873,53.627,59.708,66.116,72.85,79.91,87.297,95.011,103.05,111.42,120.11,129.13,138.48,148.15,158.15,168.47,179.12,190.1,201.41,213.04,225,237.28,249.89,262.83,276.09,289.68,303.6,317.85,332.42,347.31,362.53,378.08,393.96
0.10101,393.96,378.08,362.53,347.31,332.42,317.85,303.6,289.68,276.09,262.83,249.89,237.28,225,213.04,201.41,190.1,179.12,168.47,158.15,148.15,138.48,129.13,120.11,111.42,103.05,95.011,87.297,79.91,72.85,66.116,59.708,53.627,47.873,42.445,37.343,32.568,28.12,23.998,20.202,16.733,13.59,10.774,8.2849,6.1218,4.2853,2.7752,1.5917,0.73462,0.20406,0,0.12244,0.57137,1.3468,2.4487,3.8772,5.6321,7.7135,10.121,12.856,15.917,19.304,23.018,27.058,31.425,36.119,41.139,46.485,52.158,58.157,64.483,71.136,78.114,85.42,93.052,101.01,109.29,117.91,126.84,136.11,145.7,155.62,165.86,176.43,187.33,198.55,210.1,221.98,234.18,246.71,259.57,272.75,286.26,300.09,314.25,328.74,343.56,358.7,374.17,389.96,406.08
0.30303,382,366.37,351.07,336.09,321.44,307.11,293.11,279.44,266.1,253.08,240.38,228.02,215.98,204.26,192.88,181.82,171.08,160.68,150.6,140.84,131.42,122.31,113.54,105.09,96.97,89.175,81.706,74.564,67.748,61.259,55.096,49.26,43.751,38.567,33.711,29.181,24.977,21.1,17.549,14.325,11.427,8.8562,6.6116,4.6934,3.1017,1.8365,0.89787,0.28569,0,0.040812,0.40812,1.1019,2.1222,3.469,5.1423,7.1421,9.4684,12.121,15.1,18.406,22.039,25.997,30.283,34.894,39.833,45.097,50.689,56.606,62.851,69.421,76.319,83.542,91.093,98.969,107.17,115.7,124.56,133.74,143.25,153.09,163.25,173.74,184.55,195.69,207.16,218.96,231.08,243.53,256.3,269.4,282.83,296.58,310.66,325.07,339.8,354.86,370.25,385.96,402,418.37
0.50505,370.21,354.82,339.76,325.03,310.62,296.54,282.79,269.36,256.26,243.49,231.04,218.92,207.12,195.65,184.51,173.7,163.21,153.05,143.21,133.7,124.52,115.66,107.13,98.929,91.052,83.502,76.278,69.381,62.81,56.566,50.648,45.057,39.792,34.854,30.242,25.957,21.998,18.365,15.06,12.08,9.4276,7.1013,5.1015,3.4282,2.0814,1.0611,0.36731,0,-0.040812,0.24487,0.85706,1.7957,3.0609,4.6526,6.5708,8.8154,11.387,14.284,17.508,21.059,24.936,29.14,33.67,38.527,43.71,49.219,55.056,61.218,67.707,74.523,81.665,89.134,96.929,105.05,113.5,122.27,131.37,140.8,150.56,160.64,171.04,181.78,192.84,204.22,215.94,227.98,240.34,253.04,266.05,279.4,293.07,307.07,321.4,336.05,351.03,366.33,381.96,397.92,414.2,430.81
0.70707,358.58,343.43,328.62,314.13,299.97,286.13,272.63,259.44,246.59,234.06,221.85,209.98,198.43,187.21,176.31,165.74,155.49,145.58,135.99,126.72,117.78,109.17,100.89,92.929,85.297,77.992,71.013,64.361,58.035,52.036,46.363,41.016,35.996,31.303,26.936,22.896,19.182,15.794,12.733,9.999,7.5911,5.5096,3.7547,2.3263,1.2244,0.44893,-4.4409e-16,-0.12244,0.081624,0.61218,1.4692,2.6528,4.1628,5.9994,8.1624,10.652,13.468,16.611,20.08,23.875,27.997,32.446,37.221,42.322,47.75,53.505,59.586,65.993,72.727,79.788,87.175,94.888,102.93,111.29,119.99,129.01,138.35,148.03,158.02,168.35,179,189.98,201.29,212.92,224.88,237.16,249.77,262.71,275.97,289.56,303.48,317.72,332.29,347.19,362.41,377.96,393.84,410.04,426.57,443.42
0.90909,347.11,332.21,317.64,303.4,289.48,275.89,262.63,249.69,237.08,224.79,212.84,201.2,189.9,178.92,168.27,157.94,147.94,138.27,128.93,119.91,111.21,102.85,94.807,87.093,79.706,72.646,65.912,59.504,53.423,47.669,42.241,37.139,32.364,27.916,23.793,19.998,16.529,13.386,10.57,8.0808,5.9178,4.0812,2.5712,1.3876,0.53056,0,-0.20406,-0.081624,0.36731,1.1427,2.2447,3.6731,5.428,7.5094,9.9174,12.652,15.713,19.1,22.814,26.854,31.221,35.915,40.935,46.281,51.954,57.953,64.279,70.932,77.91,85.216,92.848,100.81,109.09,117.7,126.64,135.9,145.5,155.41,165.66,176.23,187.12,198.35,209.9,221.77,233.98,246.51,259.36,272.54,286.05,299.89,314.05,328.54,343.35,358.49,373.96,389.76,405.88,422.32,439.1,456.2
1.1111,335.8,321.15,306.83,292.83,279.16,265.81,252.79,240.1,227.73,215.69,203.98,192.59,181.53,170.8,160.39,150.31,140.56,131.13,122.03,113.25,104.81,96.684,88.889,81.42,74.278,67.463,60.973,54.811,48.975,43.465,38.282,33.425,28.895,24.691,20.814,17.264,14.039,11.142,8.5706,6.3259,4.4077,2.816,1.5509,0.61218,-8.8818e-16,-0.28569,-0.24487,0.12244,0.81624,1.8365,3.1833,4.8566,6.8564,9.1827,11.836,14.815,18.121,21.753,25.712,29.997,34.609,39.547,44.812,50.403,56.321,62.565,69.136,76.033,83.257,90.807,98.684,106.89,115.42,124.27,133.46,142.97,152.8,162.96,173.45,184.27,195.41,206.88,218.67,230.79,243.24,256.01,269.12,282.54,296.3,310.38,324.78,339.52,354.58,369.96,385.67,401.71,418.08,434.77,451.79,469.14
1.3131,324.66,310.25,296.17,282.42,268.99,255.89,243.12,230.67,218.55,206.75,195.29,184.14,173.33,162.84,152.68,142.84,133.33,124.15,115.29,106.76,98.561,90.685,83.134,75.911,69.013,62.443,56.198,50.281,44.689,39.425,34.486,29.875,25.589,21.63,17.998,14.692,11.713,9.0603,6.734,4.7342,3.0609,1.7141,0.69381,0,-0.36731,-0.40812,-0.12244,0.48975,1.4284,2.6936,4.2853,6.2034,8.4481,11.019,13.917,17.141,20.692,24.569,28.773,33.303,38.159,43.343,48.852,54.688,60.851,67.34,74.156,81.298,88.766,96.562,104.68,113.13,121.91,131.01,140.43,150.19,160.27,170.68,181.41,192.47,203.86,215.57,227.61,239.98,252.67,265.69,279.03,292.7,306.7,321.03,335.68,350.66,365.96,381.59,397.55,413.84,430.45,447.38,464.65,482.24
1.5152,313.68,299.52,285.69,272.18,258.99,246.14,233.61,221.41,209.53,197.98,186.76,175.86,165.29,155.05,145.13,135.54,126.27,117.33,108.72,100.44,92.48,84.848,77.543,70.564,63.912,57.586,51.587,45.914,40.567,35.547,30.854,26.487,22.447,18.733,15.345,12.284,9.55,7.1421,5.0607,3.3058,1.8774,0.77543,-1.7764e-15,-0.44893,-0.57137,-0.36731,0.16325,1.0203,2.2039,3.7139,5.5505,7.7135,10.203,13.019,16.162,19.631,23.426,27.548,31.997,36.772,41.873,47.301,53.056,59.137,65.544,72.278,79.339,86.726,94.439,102.48,110.85,119.54,128.56,137.9,147.58,157.58,167.9,178.55,189.53,200.84,212.47,224.43,236.71,249.32,262.26,275.52,289.11,303.03,317.27,331.84,346.74,361.96,377.51,393.39,409.59,426.12,442.98,460.16,477.67,495.5
1.7172,302.87,288.95,275.36,262.1,249.16,236.55,224.26,212.3,200.67,189.37,178.39,167.74,157.41,147.41,137.74,128.4,119.38,110.68,102.32,94.276,86.563,79.176,72.115,65.381,58.974,52.893,47.138,41.71,36.609,31.833,27.385,23.263,19.467,15.998,12.856,10.04,7.5502,5.3872,3.5507,2.0406,0.85706,0,-0.53056,-0.73462,-0.61218,-0.16325,0.61218,1.7141,3.1425,4.8975,6.9789,9.3868,12.121,15.182,18.57,22.283,26.324,30.691,35.384,40.404,45.75,51.423,57.423,63.749,70.401,77.38,84.685,92.317,100.28,108.56,117.17,126.11,135.37,144.96,154.88,165.13,175.7,186.59,197.82,209.37,221.24,233.45,245.97,258.83,272.01,285.52,299.36,313.52,328.01,342.82,357.96,373.43,389.23,405.35,421.79,438.57,455.67,473.09,490.85,508.93
1.9192,292.22,278.54,265.2,252.18,239.49,227.12,215.08,203.37,191.98,180.92,170.19,159.78,149.7,139.94,130.52,121.42,112.64,104.19,96.072,88.277,80.808,73.666,66.85,60.361,54.199,48.362,42.853,37.67,32.813,28.283,24.079,20.202,16.651,13.427,10.53,7.9584,5.7137,3.7955,2.2039,0.93868,0,-0.61218,-0.89787,-0.85706,-0.48975,0.20406,1.2244,2.5712,4.2445,6.2443,8.5706,11.223,14.203,17.508,21.141,25.099,29.385,33.997,38.935,44.2,49.791,55.709,61.953,68.524,75.421,82.645,90.195,98.072,106.27,114.8,123.66,132.84,142.35,152.19,162.35,172.84,183.65,194.8,206.26,218.06,230.18,242.63,255.4,268.5,281.93,295.68,309.76,324.17,338.9,353.96,369.35,385.06,401.1,417.47,434.16,451.18,468.52,486.2,504.19,522.52
2.1212,281.73,268.3,255.2,242.42,229.98,217.86,206.06,194.59,183.45,172.64,162.15,151.98,142.15,132.64,123.46,114.6,106.07,97.868,89.991,82.441,75.217,68.32,61.749,55.505,49.587,43.996,38.731,33.792,29.181,24.895,20.937,17.304,13.999,11.019,8.3665,6.0402,4.0404,2.3671,1.0203,-3.5527e-15,-0.69381,-1.0611,-1.1019,-0.81624,-0.20406,0.73462,1.9998,3.5915,5.5096,7.7543,10.325,13.223,16.447,19.998,23.875,28.079,32.609,37.466,42.649,48.158,53.994,60.157,66.646,73.462,80.604,88.073,95.868,103.99,112.44,121.21,130.31,139.74,149.49,159.58,169.98,180.72,191.78,203.16,214.88,226.92,239.28,251.97,264.99,278.34,292.01,306.01,320.33,334.99,349.96,365.27,380.9,396.86,413.14,429.75,446.69,463.95,481.54,499.46,517.7,536.27
2.3232,271.4,258.22,245.36,232.83,220.63,208.75,197.2,185.98,175.08,164.51,154.27,144.35,134.76,125.5,116.56,107.95,99.663,91.705,84.073,76.768,69.789,63.136,56.811,50.811,45.138,39.792,34.772,30.079,25.712,21.671,17.957,14.57,11.509,8.7746,6.3667,4.2853,2.5304,1.1019,0,-0.77543,-1.2244,-1.3468,-1.1427,-0.61218,0.24487,1.4284,2.9385,4.775,6.9381,9.4276,12.244,15.386,18.855,22.651,26.773,31.221,35.996,41.098,46.526,52.28,58.361,64.769,71.503,78.563,85.95,93.664,101.7,110.07,118.76,127.78,137.13,146.8,156.8,167.13,177.78,188.76,200.06,211.69,223.65,235.94,248.55,261.48,274.75,288.34,302.25,316.5,331.07,345.96,361.19,376.74,392.61,408.82,425.34,442.2,459.38,476.89,494.73,512.89,531.37,550.19
2.5253,261.24,248.3,235.69,223.41,211.45,199.82,188.51,177.53,166.88,156.56,146.56,136.88,127.54,118.52,109.83,101.46,93.419,85.706,78.319,71.258,64.524,58.117,52.036,46.281,40.853,35.751,30.976,26.528,22.406,18.61,15.141,11.999,9.1827,6.6932,4.5301,2.6936,1.1836,-7.1054e-15,-0.85706,-1.3876,-1.5917,-1.4692,-1.0203,-0.24487,0.85706,2.2855,4.0404,6.1218,8.5297,11.264,14.325,17.712,21.426,25.467,29.834,34.527,39.547,44.893,50.566,56.566,62.892,69.544,76.523,83.828,91.46,99.418,107.7,116.31,125.25,134.52,144.11,154.03,164.27,174.84,185.74,196.96,208.51,220.39,232.59,245.12,257.97,271.16,284.66,298.5,312.66,327.15,341.97,357.11,372.57,388.37,404.49,420.94,437.71,454.81,472.24,489.99,508.07,526.48,545.21,564.27
2.7273,251.24,238.55,226.18,214.14,202.43,191.04,179.98,169.25,158.84,148.76,139.01,129.58,120.48,111.7,103.25,95.133,87.338,79.869,72.727,65.912,59.423,53.26,47.424,41.914,36.731,31.874,27.344,23.14,19.263,15.713,12.489,9.5909,7.0197,4.775,2.8569,1.2652,0,-0.93868,-1.5509,-1.8365,-1.7957,-1.4284,-0.73462,0.28569,1.6325,3.3058,5.3056,7.6319,10.285,13.264,16.57,20.202,24.161,28.446,33.058,37.996,43.261,48.852,54.77,61.014,67.585,74.482,81.706,89.256,97.133,105.34,113.87,122.72,131.9,141.41,151.25,161.41,171.9,182.72,193.86,205.33,217.12,229.24,241.69,254.46,267.56,280.99,294.75,308.83,323.23,337.97,353.03,368.41,384.12,400.16,416.53,433.22,450.24,467.58,485.26,503.25,521.58,540.23,559.21,578.51
2.9293,241.4,228.96,216.84,205.04,193.57,182.43,171.62,161.13,150.96,141.13,131.62,122.44,113.58,105.05,96.847,88.971,81.42,74.197,67.299,60.728,54.484,48.566,42.975,37.71,32.772,28.16,23.875,19.916,16.284,12.978,9.999,7.3462,5.0199,3.0201,1.3468,0,-1.0203,-1.7141,-2.0814,-2.1222,-1.8365,-1.2244,-0.28569,0.97949,2.5712,4.4893,6.734,9.3052,12.203,15.427,18.978,22.855,27.058,31.589,36.445,41.628,47.138,52.974,59.137,65.626,72.442,79.584,87.052,94.847,102.97,111.42,120.19,129.29,138.72,148.47,158.56,168.96,179.7,190.76,202.14,213.86,225.9,238.26,250.95,263.97,277.32,290.99,304.99,319.31,333.97,348.94,364.25,379.88,395.84,412.12,428.73,445.67,462.93,480.52,498.44,516.68,535.25,554.15,573.37,592.92
3.1313,231.73,219.53,207.65,196.1,184.88,173.98,163.41,153.17,143.25,133.66,124.4,115.46,106.85,98.561,90.603,82.971,75.666,68.687,62.034,55.709,49.709,44.036,38.69,33.67,28.977,24.61,20.569,16.855,13.468,10.407,7.6727,5.2648,3.1833,1.4284,0,-1.1019,-1.8774,-2.3263,-2.4487,-2.2447,-1.7141,-0.85706,0.3265,1.8365,3.6731,5.8361,8.3257,11.142,14.284,17.753,21.549,25.671,30.119,34.894,39.996,45.424,51.178,57.259,63.667,70.401,77.461,84.848,92.562,100.6,108.97,117.66,126.68,136.03,145.7,155.7,166.02,176.68,187.65,198.96,210.59,222.55,234.83,247.44,260.38,273.65,287.24,301.15,315.4,329.97,344.86,360.09,375.64,391.51,407.71,424.24,441.1,458.28,475.79,493.62,511.78,530.27,549.09,568.23,587.7,607.49
3.3333,222.22,210.26,198.63,187.33,176.35,165.7,155.37,145.37,135.7,126.35,117.33,108.64,100.28,92.235,84.522,77.135,70.074,63.34,56.933,50.852,45.097,39.669,34.568,29.793,25.344,21.222,17.427,13.958,10.815,7.9992,5.5096,3.3466,1.51,-1.4211e-14,-1.1836,-2.0406,-2.5712,-2.7752,-2.6528,-2.2039,-1.4284,-0.3265,1.1019,2.8569,4.9383,7.3462,10.081,13.142,16.529,20.243,24.283,28.65,33.344,38.363,43.71,49.383,55.382,61.708,68.36,75.339,82.645,90.277,98.235,106.52,115.13,124.07,133.33,142.92,152.84,163.09,173.66,184.55,195.78,207.33,219.2,231.4,243.93,256.79,269.97,283.48,297.32,311.48,325.97,340.78,355.92,371.39,387.18,403.31,419.75,436.53,453.63,471.05,488.81,506.89,525.29,544.03,563.09,582.47,602.18,622.22
3.5354,212.88,201.16,189.78,178.72,167.98,157.58,147.5,137.74,128.31,119.21,110.44,101.99,93.868,86.073,78.604,71.462,64.646,58.157,51.995,46.159,40.649,35.466,30.609,26.079,21.875,17.998,14.448,11.223,8.3257,5.7545,3.5098,1.5917,1.4211e-14,-1.2652,-2.2039,-2.816,-3.1017,-3.0609,-2.6936,-1.9998,-0.97949,0.36731,2.0406,4.0404,6.3667,9.0195,11.999,15.305,18.937,22.896,27.181,31.793,36.731,41.996,47.587,53.505,59.749,66.32,73.217,80.441,87.991,95.868,104.07,112.6,121.46,130.64,140.15,149.98,160.15,170.64,181.45,192.59,204.06,215.86,227.98,240.42,253.2,266.3,279.73,293.48,307.56,321.97,336.7,351.76,367.15,382.86,398.9,415.26,431.96,448.97,466.32,483.99,501.99,520.31,538.97,557.94,577.25,596.88,616.84,637.12
3.7374,203.69,192.23,181.08,170.27,159.78,149.62,139.78,130.27,121.09,112.23,103.7,95.5,87.624,80.073,72.85,65.952,59.382,53.137,47.22,41.628,36.364,31.425,26.814,22.528,18.57,14.937,11.631,8.6522,5.9994,3.6731,1.6733,0,-1.3468,-2.3671,-3.0609,-3.4282,-3.469,-3.1833,-2.5712,-1.6325,-0.36731,1.2244,3.1425,5.3872,7.9584,10.856,14.08,17.631,21.508,25.712,30.242,35.098,40.282,45.791,51.627,57.79,64.279,71.095,78.237,85.706,93.501,101.62,110.07,118.85,127.95,137.37,147.13,157.21,167.62,178.35,189.41,200.8,212.51,224.55,236.91,249.61,262.63,275.97,289.64,303.64,317.97,332.62,347.6,362.9,378.53,394.49,410.77,427.38,444.32,461.59,479.18,497.09,515.34,533.9,552.8,572.02,591.57,611.45,631.65,652.18
3.9394,194.67,183.45,172.55,161.98,151.74,141.82,132.23,122.97,114.03,105.42,97.133,89.175,81.543,74.237,67.258,60.606,54.28,48.281,42.608,37.262,32.242,27.548,23.181,19.141,15.427,12.04,8.9787,6.2443,3.8363,1.7549,0,-1.4284,-2.5304,-3.3058,-3.7547,-3.8772,-3.6731,-3.1425,-2.2855,-1.1019,0.40812,2.2447,4.4077,6.8973,9.7133,12.856,16.325,20.12,24.242,28.691,33.466,38.567,43.996,49.75,55.831,62.239,68.973,76.033,83.42,91.134,99.174,107.54,116.23,125.25,134.6,144.27,154.27,164.6,175.25,186.23,197.53,209.16,221.12,233.4,246.02,258.95,272.22,285.81,299.72,313.97,328.54,343.43,358.66,374.21,390.08,406.29,422.81,439.67,456.85,474.36,492.19,510.36,528.84,547.66,566.8,586.27,606.06,626.18,646.63,667.4
4.1414,185.82,174.84,164.19,153.86,143.86,134.19,124.84,115.82,107.13,98.765,90.725,83.012,75.625,68.564,61.83,55.423,49.342,43.587,38.159,33.058,28.283,23.834,19.712,15.917,12.448,9.3052,6.4891,3.9996,1.8365,-2.8422e-14,-1.51,-2.6936,-3.5507,-4.0812,-4.2853,-4.1628,-3.7139,-2.9385,-1.8365,-0.40812,1.3468,3.4282,5.8361,8.5706,11.631,15.019,18.733,22.773,27.14,31.833,36.853,42.2,47.873,53.872,60.198,66.85,73.829,81.135,88.766,96.725,105.01,113.62,122.56,131.82,141.41,151.33,161.58,172.15,183.04,194.27,205.82,217.69,229.89,242.42,255.28,268.46,281.97,295.81,309.97,324.46,339.27,354.41,369.88,385.67,401.8,418.24,435.02,452.12,469.54,487.3,505.38,523.78,542.52,561.58,580.96,600.67,620.71,641.08,661.77,682.79
4.3434,177.12,166.39,155.98,145.9,136.15,126.72,117.62,108.85,100.4,92.276,84.481,77.013,69.87,63.055,56.566,50.403,44.567,39.057,33.874,29.017,24.487,20.284,16.406,12.856,9.6317,6.734,4.1628,1.9182,-2.8422e-14,-1.5917,-2.8569,-3.7955,-4.4077,-4.6934,-4.6526,-4.2853,-3.5915,-2.5712,-1.2244,0.44893,2.4487,4.775,7.4278,10.407,13.713,17.345,21.304,25.589,30.201,35.139,40.404,45.995,51.913,58.157,64.728,71.625,78.849,86.399,94.276,102.48,111.01,119.87,129.05,138.56,148.39,158.56,169.04,179.86,191,202.47,214.26,226.39,238.83,251.61,264.71,278.13,291.89,305.97,320.38,335.11,350.17,365.55,381.27,397.31,413.67,430.36,447.38,464.73,482.4,500.4,518.72,537.37,556.35,575.66,595.29,615.24,635.53,656.14,677.07,698.34
4.5455,168.6,158.11,147.94,138.11,128.6,119.42,110.56,102.03,93.827,85.95,78.4,71.176,64.279,57.708,51.464,45.546,39.955,34.69,29.752,25.14,20.855,16.896,13.264,9.9582,6.9789,4.3261,1.9998,1.4211e-14,-1.6733,-3.0201,-4.0404,-4.7342,-5.1015,-5.1423,-4.8566,-4.2445,-3.3058,-2.0406,-0.44893,1.4692,3.7139,6.2851,9.1827,12.407,15.958,19.835,24.038,28.569,33.425,38.608,44.118,49.954,56.117,62.606,69.421,76.564,84.032,91.827,99.949,108.4,117.17,126.27,135.7,145.45,155.54,165.94,176.68,187.74,199.12,210.84,222.88,235.24,247.93,260.95,274.3,287.97,301.97,316.29,330.95,345.92,361.23,376.86,392.82,409.1,425.71,442.65,459.91,477.5,495.42,513.66,532.23,551.13,570.35,589.9,609.77,629.98,650.51,671.36,692.54,714.05
4.7475,160.23,149.98,140.07,130.48,121.21,112.27,103.66,95.378,87.42,79.788,72.482,65.504,58.851,52.525,46.526,40.853,35.507,30.487,25.793,21.426,17.386,13.672,10.285,7.2238,4.4893,2.0814,0,-1.7549,-3.1833,-4.2853,-5.0607,-5.5096,-5.6321,-5.428,-4.8975,-4.0404,-2.8569,-1.3468,0.48975,2.6528,5.1423,7.9584,11.101,14.57,18.365,22.488,26.936,31.711,36.813,42.241,47.995,54.076,60.484,67.218,74.278,81.665,89.379,97.419,105.79,114.48,123.5,132.84,142.52,152.52,162.84,173.49,184.47,195.78,207.41,219.37,231.65,244.26,257.2,270.46,284.05,297.97,312.21,326.78,341.68,356.9,372.45,388.33,404.53,421.06,437.91,455.1,472.6,490.44,508.6,527.09,545.9,565.04,584.51,604.31,624.43,644.87,665.65,686.75,708.17,729.93
4.9495,152.03,142.03,132.35,123.01,113.99,105.3,96.929,88.889,81.175,73.788,66.728,59.994,53.586,47.505,41.751,36.323,31.221,26.446,21.998,17.876,14.08,10.611,7.4686,4.6526,2.163,0,-1.8365,-3.3466,-4.5301,-5.3872,-5.9178,-6.1218,-5.9994,-5.5505,-4.775,-3.6731,-2.2447,-0.48975,1.5917,3.9996,6.734,9.7949,13.182,16.896,20.937,25.304,29.997,35.017,40.363,46.036,52.036,58.361,65.014,71.993,79.298,86.93,94.888,103.17,111.78,120.72,129.99,139.58,149.49,159.74,170.31,181.21,192.43,203.98,215.86,228.06,240.59,253.44,266.63,280.13,293.97,308.13,322.62,337.43,352.58,368.04,383.84,399.96,416.41,433.18,450.28,467.71,485.46,503.54,521.95,540.68,559.74,579.12,598.84,618.88,639.24,659.93,680.95,702.3,723.97,745.96
5.1515,143.99,134.23,124.8,115.7,106.93,98.48,90.358,82.563,75.094,67.952,61.137,54.647,48.485,42.649,37.139,31.956,27.099,22.569,18.365,14.488,10.938,7.7135,4.8158,2.2447,0,-1.9182,-3.5098,-4.775,-5.7137,-6.3259,-6.6116,-6.5708,-6.2034,-5.5096,-4.4893,-3.1425,-1.4692,0.53056,2.8569,5.5096,8.4889,11.795,15.427,19.386,23.671,28.283,33.221,38.486,44.077,49.995,56.239,62.81,69.707,76.931,84.481,92.358,100.56,109.09,117.95,127.13,136.64,146.47,156.64,167.13,177.94,189.08,200.55,212.35,224.47,236.91,249.69,262.79,276.22,289.97,304.05,318.46,333.19,348.25,363.64,379.35,395.39,411.75,428.45,445.46,462.81,480.48,498.48,516.8,535.46,554.43,573.74,593.37,613.33,633.61,654.22,675.16,696.42,718.01,739.92,762.17
5.3535,136.11,126.6,117.42,108.56,100.03,91.827,83.951,76.4,69.177,62.279,55.709,49.464,43.547,37.955,32.691,27.752,23.14,18.855,14.896,11.264,7.9584,4.9791,2.3263,2.8422e-14,-1.9998,-3.6731,-5.0199,-6.0402,-6.734,-7.1013,-7.1421,-6.8564,-6.2443,-5.3056,-4.0404,-2.4487,-0.53056,1.7141,4.2853,7.1829,10.407,13.958,17.835,22.039,26.569,31.425,36.609,42.118,47.954,54.117,60.606,67.422,74.564,82.032,89.828,97.949,106.4,115.17,124.27,133.7,143.45,153.54,163.94,174.68,185.74,197.12,208.84,220.88,233.24,245.93,258.95,272.3,285.97,299.97,314.29,328.95,343.92,359.23,374.86,390.82,407.1,423.71,440.65,457.91,475.5,493.42,511.66,530.23,549.13,568.35,587.9,607.77,627.98,648.51,669.36,690.54,712.05,733.88,756.05,778.53
5.5556,128.4,119.13,110.19,101.58,93.297,85.338,77.706,70.401,63.422,56.77,50.444,44.444,38.772,33.425,28.405,23.712,19.345,15.305,11.591,8.2032,5.1423,2.4079,0,-2.0814,-3.8363,-5.2648,-6.3667,-7.1421,-7.5911,-7.7135,-7.5094,-6.9789,-6.1218,-4.9383,-3.4282,-1.5917,0.57137,3.0609,5.877,9.0195,12.489,16.284,20.406,24.855,29.63,34.731,40.159,45.914,51.995,58.402,65.136,72.197,79.584,87.297,95.337,103.7,112.4,121.42,130.76,140.43,150.43,160.76,171.41,182.39,193.69,205.33,217.28,229.57,242.18,255.12,268.38,281.97,295.89,310.13,324.7,339.6,354.82,370.37,386.25,402.45,418.98,435.83,453.01,470.52,488.36,506.52,525.01,543.82,562.96,582.43,602.22,622.34,642.79,663.56,684.66,706.09,727.84,749.92,772.33,795.06
5.7576,120.84,111.83,103.13,94.766,86.726,79.012,71.625,64.565,57.831,51.423,45.342,39.588,34.16,29.058,24.283,19.835,15.713,11.917,8.4481,5.3056,2.4895,2.8422e-14,-2.163,-3.9996,-5.5096,-6.6932,-7.5502,-8.0808,-8.2849,-8.1624,-7.7135,-6.9381,-5.8361,-4.4077,-2.6528,-0.57137,1.8365,4.571,7.6319,11.019,14.733,18.774,23.14,27.834,32.854,38.2,43.873,49.872,56.198,62.851,69.83,77.135,84.767,92.725,101.01,109.62,118.56,127.82,137.41,147.33,157.58,168.15,179.04,190.27,201.82,213.69,225.9,238.42,251.28,264.46,277.97,291.81,305.97,320.46,335.27,350.41,365.88,381.68,397.8,414.24,431.02,448.12,465.54,483.3,501.38,519.78,538.52,557.58,576.96,596.67,616.71,637.08,657.77,678.79,700.13,721.8,743.8,766.13,788.78,811.75
5.9596,113.46,104.68,96.235,88.113,80.318,72.85,65.708,58.892,52.403,46.24,40.404,34.894,29.711,24.855,20.324,16.121,12.244,8.693,5.4688,2.5712,-2.8422e-14,-2.2447,-4.1628,-5.7545,-7.0197,-7.9584,-8.5706,-8.8562,-8.8154,-8.4481,-7.7543,-6.734,-5.3872,-3.7139,-1.7141,0.61218,3.265,6.2443,9.55,13.182,17.141,21.426,26.038,30.976,36.241,41.832,47.75,53.994,60.565,67.463,74.686,82.237,90.113,98.316,106.85,115.7,124.89,134.39,144.23,154.39,164.88,175.7,186.84,198.31,210.1,222.22,234.67,247.44,260.54,273.97,287.73,301.81,316.21,330.95,346.01,361.39,377.1,393.14,409.51,426.2,443.22,460.57,478.24,496.24,514.56,533.21,552.19,571.49,591.12,611.08,631.36,651.97,672.91,694.17,715.76,737.68,759.92,782.49,805.39,828.61
6.1616,106.23,97.704,89.501,81.624,74.074,66.85,59.953,53.382,47.138,41.22,35.629,30.364,25.426,20.814,16.529,12.57,8.9379,5.6321,2.6528,0,-2.3263,-4.3261,-5.9994,-7.3462,-8.3665,-9.0603,-9.4276,-9.4684,-9.1827,-8.5706,-7.6319,-6.3667,-4.775,-2.8569,-0.61218,1.959,4.8566,8.0808,11.631,15.509,19.712,24.242,29.099,34.282,39.792,45.628,51.791,58.28,65.095,72.238,79.706,87.501,95.623,104.07,112.85,121.95,131.37,141.13,151.21,161.62,172.35,183.41,194.8,206.51,218.55,230.92,243.61,256.63,269.97,283.64,297.64,311.97,326.62,341.6,356.9,372.53,388.49,404.78,421.39,438.32,455.59,473.18,491.09,509.34,527.91,546.8,566.02,585.57,605.45,625.65,646.18,667.03,688.22,709.72,731.56,753.72,776.21,799.02,822.16,845.63
6.3636,99.174,90.889,82.93,75.298,67.993,61.014,54.362,48.036,42.037,36.364,31.017,25.997,21.304,16.937,12.897,9.1827,5.7953,2.7344,0,-2.4079,-4.4893,-6.2443,-7.6727,-8.7746,-9.55,-9.999,-10.121,-9.9174,-9.3868,-8.5297,-7.3462,-5.8361,-3.9996,-1.8365,0.65299,3.469,6.6116,10.081,13.876,17.998,22.447,27.222,32.323,37.751,43.506,49.587,55.994,62.728,69.789,77.176,84.889,92.929,101.3,109.99,119.01,128.35,138.03,148.03,158.35,169,179.98,191.29,202.92,214.88,227.16,239.77,252.71,265.97,279.56,293.48,307.72,322.29,337.19,352.41,367.96,383.84,400.04,416.57,433.43,450.61,468.12,485.95,504.11,522.6,541.41,560.56,580.02,599.82,619.94,640.38,661.16,682.26,703.68,725.44,747.52,769.92,792.65,815.71,839.1,862.81
6.5657,92.276,84.236,76.523,69.136,62.075,55.341,48.934,42.853,37.098,31.67,26.569,21.794,17.345,13.223,9.4276,5.9586,2.816,0,-2.4895,-4.6526,-6.4891,-7.9992,-9.1827,-10.04,-10.57,-10.774,-10.652,-10.203,-9.4276,-8.3257,-6.8973,-5.1423,-3.0609,-0.65299,2.0814,5.1423,8.5297,12.244,16.284,20.651,25.344,30.364,35.711,41.384,47.383,53.709,60.361,67.34,74.645,82.277,90.236,98.521,107.13,116.07,125.33,134.93,144.84,155.09,165.66,176.55,187.78,199.33,211.2,223.41,235.94,248.79,261.97,275.48,289.32,303.48,317.97,332.78,347.92,363.39,379.19,395.31,411.75,428.53,445.63,463.05,480.81,498.89,517.29,536.03,555.09,574.47,594.18,614.22,634.59,655.28,676.3,697.64,719.31,741.31,763.64,786.29,809.26,832.57,856.2,880.16
6.7677,85.542,77.747,70.279,63.136,56.321,49.832,43.669,37.833,32.323,27.14,22.283,17.753,13.55,9.6725,6.1218,2.8977,0,-2.5712,-4.8158,-6.734,-8.3257,-9.5909,-10.53,-11.142,-11.427,-11.387,-11.019,-10.325,-9.3052,-7.9584,-6.2851,-4.2853,-1.959,0.69381,3.6731,6.9789,10.611,14.57,18.855,23.467,28.405,33.67,39.261,45.179,51.423,57.994,64.891,72.115,79.665,87.542,95.745,104.28,113.13,122.31,131.82,141.66,151.82,162.31,173.13,184.27,195.74,207.53,219.65,232.1,244.87,257.97,271.4,285.15,299.23,313.64,328.37,343.43,358.82,374.53,390.57,406.94,423.63,440.65,457.99,475.67,493.66,511.99,530.64,549.62,568.92,588.55,608.51,628.79,649.4,670.34,691.6,713.19,735.11,757.35,779.92,802.82,826.04,849.59,873.46,897.66
6.9697,78.972,71.421,64.198,57.3,50.73,44.485,38.567,32.976,27.711,22.773,18.161,13.876,9.9174,6.2851,2.9793,5.6843e-14,-2.6528,-4.9791,-6.9789,-8.6522,-9.999,-11.019,-11.713,-12.08,-12.121,-11.836,-11.223,-10.285,-9.0195,-7.4278,-5.5096,-3.265,-0.69381,2.2039,5.428,8.9787,12.856,17.059,21.59,26.446,31.629,37.139,42.975,49.138,55.627,62.443,69.585,77.053,84.848,92.97,101.42,110.19,119.29,128.72,138.48,148.56,158.96,169.7,180.76,192.14,203.86,215.9,228.26,240.96,253.97,267.32,280.99,294.99,309.32,323.97,338.95,354.25,369.88,385.84,402.12,418.73,435.67,452.93,470.52,488.44,506.68,525.25,544.15,563.37,582.92,602.8,623,643.53,664.38,685.56,707.07,728.91,751.07,773.55,796.37,819.51,842.98,866.77,890.89,915.34
7.1717,72.564,65.259,58.28,51.627,45.301,39.302,33.629,28.283,23.263,18.57,14.203,10.162,6.4483,3.0609,-5.6843e-14,-2.7344,-5.1423,-7.2238,-8.9787,-10.407,-11.509,-12.284,-12.733,-12.856,-12.652,-12.121,-11.264,-10.081,-8.5706,-6.734,-4.571,-2.0814,0.73462,3.8772,7.3462,11.142,15.264,19.712,24.487,29.589,35.017,40.771,46.852,53.26,59.994,67.054,74.441,82.155,90.195,98.561,107.25,116.27,125.62,135.29,145.29,155.62,166.27,177.25,188.55,200.18,212.14,224.43,237.04,249.97,263.24,276.83,290.75,304.99,319.56,334.46,349.68,365.23,381.1,397.31,413.84,430.69,447.87,465.38,483.22,501.38,519.87,538.68,557.82,577.29,597.08,617.2,637.65,658.42,679.52,700.95,722.7,744.78,767.19,789.92,812.98,836.36,860.08,884.11,908.48,933.17
7.3737,66.32,59.259,52.525,46.118,40.037,34.282,28.854,23.753,18.978,14.529,10.407,6.6116,3.1425,0,-2.816,-5.3056,-7.4686,-9.3052,-10.815,-11.999,-12.856,-13.386,-13.59,-13.468,-13.019,-12.244,-11.142,-9.7133,-7.9584,-5.877,-3.469,-0.73462,2.3263,5.7137,9.4276,13.468,17.835,22.528,27.548,32.895,38.567,44.567,50.893,57.545,64.524,71.829,79.461,87.42,95.705,104.32,113.25,122.52,132.11,142.03,152.27,162.84,173.74,184.96,196.51,208.39,220.59,233.12,245.97,259.16,272.67,286.5,300.66,315.15,329.97,345.11,360.58,376.37,392.49,408.94,425.71,442.81,460.24,477.99,496.07,514.48,533.21,552.27,571.66,591.37,611.41,631.77,652.46,673.48,694.83,716.5,738.5,760.82,783.47,806.45,829.75,853.38,877.34,901.62,926.23,951.17
7.5758,60.239,53.423,46.934,40.771,34.935,29.426,24.242,19.386,14.856,10.652,6.7748,3.2242,5.6843e-14,-2.8977,-5.4688,-7.7135,-9.6317,-11.223,-12.489,-13.427,-14.039,-14.325,-14.284,-13.917,-13.223,-12.203,-10.856,-9.1827,-7.1829,-4.8566,-2.2039,0.77543,4.0812,7.7135,11.672,15.958,20.569,25.508,30.772,36.364,42.281,48.526,55.096,61.994,69.217,76.768,84.644,92.848,101.38,110.23,119.42,128.93,138.76,148.92,159.41,170.23,181.37,192.84,204.63,216.75,229.2,241.98,255.08,268.5,282.26,296.34,310.74,325.48,340.54,355.92,371.64,387.67,404.04,420.73,437.75,455.1,472.77,490.77,509.09,527.74,546.72,566.02,585.65,605.61,625.9,646.51,667.44,688.71,710.29,732.21,754.45,777.02,799.92,823.14,846.69,870.56,894.77,919.29,944.15,969.33
7.7778,54.321,47.75,41.506,35.588,29.997,24.732,19.794,15.182,10.897,6.9381,3.3058,-5.6843e-14,-2.9793,-5.6321,-7.9584,-9.9582,-11.631,-12.978,-13.999,-14.692,-15.06,-15.1,-14.815,-14.203,-13.264,-11.999,-10.407,-8.4889,-6.2443,-3.6731,-0.77543,2.4487,5.9994,9.8765,14.08,18.61,23.467,28.65,34.16,39.996,46.159,52.648,59.463,66.605,74.074,81.869,89.991,98.439,107.21,116.31,125.74,135.5,145.58,155.98,166.72,177.78,189.16,200.88,212.92,225.28,237.98,250.99,264.34,278.01,292.01,306.34,320.99,335.97,351.27,366.9,382.86,399.14,415.75,432.69,449.95,467.54,485.46,503.7,522.27,541.17,560.39,579.94,599.82,620.02,640.55,661.4,682.58,704.09,725.93,748.09,770.57,793.39,816.53,840,863.79,887.91,912.36,937.13,962.23,987.65
7.9798,48.566,42.241,36.241,30.568,25.222,20.202,15.509,11.142,7.1013,3.3874,0,-3.0609,-5.7953,-8.2032,-10.285,-12.04,-13.468,-14.57,-15.345,-15.794,-15.917,-15.713,-15.182,-14.325,-13.142,-11.631,-9.7949,-7.6319,-5.1423,-2.3263,0.81624,4.2853,8.0808,12.203,16.651,21.426,26.528,31.956,37.71,43.791,50.199,56.933,63.993,71.38,79.094,87.134,95.5,104.19,113.21,122.56,132.23,142.23,152.56,163.21,174.19,185.49,197.12,209.08,221.37,233.98,246.91,260.18,273.77,287.68,301.93,316.5,331.39,346.62,362.17,378.04,394.25,410.77,427.63,444.81,462.32,480.16,498.32,516.8,535.62,554.76,574.23,594.02,614.14,634.59,655.36,676.46,697.89,719.64,741.72,764.13,786.86,809.92,833.3,857.01,881.05,905.42,930.11,955.13,980.47,1006.1
8.1818,42.975,36.894,31.14,25.712,20.61,15.835,11.387,7.2646,3.469,0,-3.1425,-5.9586,-8.4481,-10.611,-12.448,-13.958,-15.141,-15.998,-16.529,-16.733,-16.611,-16.162,-15.386,-14.284,-12.856,-11.101,-9.0195,-6.6116,-3.8772,-0.81624,2.5712,6.2851,10.325,14.692,19.386,24.406,29.752,35.425,41.424,47.75,54.403,61.381,68.687,76.319,84.277,92.562,101.17,110.11,119.38,128.97,138.88,149.13,159.7,170.59,181.82,193.37,205.24,217.45,229.98,242.83,256.01,269.52,283.36,297.52,312.01,326.82,341.97,357.43,373.23,389.35,405.8,422.57,439.67,457.1,474.85,492.93,511.34,530.07,549.13,568.51,588.23,608.26,628.63,649.32,670.34,691.68,713.36,735.35,757.68,780.33,803.31,826.61,850.24,874.2,898.48,923.09,948.03,973.29,998.88,1024.8
8.3838,37.547,31.711,26.201,21.018,16.162,11.631,7.4278,3.5507,-5.6843e-14,-3.2242,-6.1218,-8.693,-10.938,-12.856,-14.448,-15.713,-16.651,-17.264,-17.549,-17.508,-17.141,-16.447,-15.427,-14.08,-12.407,-10.407,-8.0808,-5.428,-2.4487,0.85706,4.4893,8.4481,12.733,17.345,22.283,27.548,33.139,39.057,45.301,51.872,58.77,65.993,73.544,81.42,89.624,98.153,107.01,116.19,125.7,135.54,145.7,156.19,167,178.15,189.61,201.41,213.53,225.98,238.75,251.85,265.28,279.03,293.11,307.52,322.25,337.31,352.7,368.41,384.45,400.82,417.51,434.53,451.87,469.54,487.54,505.87,524.52,543.5,562.8,582.43,602.39,622.67,643.28,664.22,685.48,707.07,728.99,751.23,773.8,796.69,819.92,843.46,867.34,891.54,916.07,940.92,966.11,991.61,1017.4,1043.6
8.5859,32.282,26.691,21.426,16.488,11.876,7.5911,3.6323,0,-3.3058,-6.2851,-8.9379,-11.264,-13.264,-14.937,-16.284,-17.304,-17.998,-18.365,-18.406,-18.121,-17.508,-16.57,-15.305,-13.713,-11.795,-9.55,-6.9789,-4.0812,-0.85706,2.6936,6.5708,10.774,15.305,20.161,25.344,30.854,36.69,42.853,49.342,56.158,63.3,70.768,78.563,86.685,95.133,103.91,113.01,122.44,132.19,142.27,152.68,163.41,174.47,185.86,197.57,209.61,221.98,234.67,247.69,261.03,274.71,288.71,303.03,317.68,332.66,347.96,363.6,379.55,395.84,412.45,429.38,446.65,464.24,482.15,500.4,518.97,537.86,557.09,576.64,596.51,616.71,637.24,658.1,679.28,700.79,722.62,744.78,767.27,790.08,813.22,836.69,860.48,884.6,909.05,933.82,958.92,984.35,1010.1,1036.2,1062.6
8.7879,27.181,21.835,16.815,12.121,7.7543,3.7139,-5.6843e-14,-3.3874,-6.4483,-9.1827,-11.591,-13.672,-15.427,-16.855,-17.957,-18.733,-19.182,-19.304,-19.1,-18.57,-17.712,-16.529,-15.019,-13.182,-11.019,-8.5297,-5.7137,-2.5712,0.89787,4.6934,8.8154,13.264,18.039,23.14,28.569,34.323,40.404,46.812,53.546,60.606,67.993,75.707,83.747,92.113,100.81,109.83,119.17,128.84,138.84,149.17,159.82,170.8,182.1,193.74,205.69,217.98,230.59,243.53,256.79,270.38,284.3,298.54,313.11,328.01,343.23,358.78,374.66,390.86,407.39,424.24,441.42,458.93,476.77,494.93,513.42,532.23,551.37,570.84,590.63,610.75,631.2,651.97,673.07,694.5,716.25,738.33,760.74,783.47,806.53,829.92,853.63,877.67,902.03,926.72,951.74,977.08,1002.8,1028.8,1055.1,1081.7
8.9899,22.243,17.141,12.366,7.9176,3.7955,0,-3.469,-6.6116,-9.4276,-11.917,-14.08,-15.917,-17.427,-18.61,-19.467,-19.998,-20.202,-20.08,-19.631,-18.855,-17.753,-16.325,-14.57,-12.489,-10.081,-7.3462,-4.2853,-0.89787,2.816,6.8564,11.223,15.917,20.937,26.283,31.956,37.955,44.281,50.934,57.912,65.218,72.85,80.808,89.093,97.704,106.64,115.91,125.5,135.41,145.66,156.23,167.13,178.35,189.9,201.78,213.98,226.51,239.36,252.55,266.05,279.89,294.05,308.54,323.35,338.5,353.96,369.76,385.88,402.33,419.1,436.2,453.63,471.38,489.46,507.87,526.6,545.66,565.04,584.76,604.8,625.16,645.85,666.87,688.22,709.89,731.88,754.21,776.86,799.84,823.14,846.77,870.73,895.01,919.62,944.56,969.82,995.41,1021.3,1047.6,1074.1,1101
9.1919,17.468,12.611,8.0808,3.8772,5.6843e-14,-3.5507,-6.7748,-9.6725,-12.244,-14.488,-16.406,-17.998,-19.263,-20.202,-20.814,-21.1,-21.059,-20.692,-19.998,-18.978,-17.631,-15.958,-13.958,-11.631,-8.9787,-5.9994,-2.6936,0.93868,4.8975,9.1827,13.795,18.733,23.998,29.589,35.507,41.751,48.322,55.219,62.443,69.993,77.87,86.073,94.603,103.46,112.64,122.15,131.99,142.15,152.64,163.45,174.59,186.06,197.86,209.98,222.43,235.2,248.3,261.73,275.48,289.56,303.97,318.7,333.76,349.15,364.86,380.9,397.27,413.96,430.98,448.32,465.99,483.99,502.32,520.97,539.94,559.25,578.88,598.84,619.12,639.73,660.67,681.93,703.52,725.44,747.68,770.25,793.14,816.37,839.91,863.79,887.99,912.52,937.37,962.55,988.06,1013.9,1040.1,1066.5,1093.4,1120.5
9.3939,12.856,8.2441,3.9588,0,-3.6323,-6.9381,-9.9174,-12.57,-14.896,-16.896,-18.57,-19.916,-20.937,-21.63,-21.998,-22.039,-21.753,-21.141,-20.202,-18.937,-17.345,-15.427,-13.182,-10.611,-7.7135,-4.4893,-0.93868,2.9385,7.1421,11.672,16.529,21.712,27.222,33.058,39.22,45.71,52.525,59.667,67.136,74.931,83.053,91.501,100.28,109.38,118.8,128.56,138.64,149.05,159.78,170.84,182.23,193.94,205.98,218.35,231.04,244.06,257.4,271.07,285.07,299.4,314.05,329.03,344.33,359.96,375.92,392.2,408.82,425.75,443.02,460.61,478.52,496.77,515.34,534.23,553.45,573,592.88,613.08,633.61,654.46,675.65,697.15,718.99,741.15,763.64,786.45,809.59,833.06,856.85,880.97,905.42,930.19,955.29,980.72,1006.5,1032.5,1059,1085.7,1112.7,1140.1
9.596,8.4073,4.0404,0,-3.7139,-7.1013,-10.162,-12.897,-15.305,-17.386,-19.141,-20.569,-21.671,-22.447,-22.896,-23.018,-22.814,-22.283,-21.426,-20.243,-18.733,-16.896,-14.733,-12.244,-9.4276,-6.2851,-2.816,0.97949,5.1015,9.55,14.325,19.427,24.855,30.609,36.69,43.098,49.832,56.892,64.279,71.993,80.033,88.399,97.092,106.11,115.46,125.13,135.13,145.45,156.11,167.08,178.39,190.02,201.98,214.26,226.87,239.81,253.08,266.67,280.58,294.83,309.4,324.29,339.52,355.07,370.94,387.14,403.67,420.53,437.71,455.22,473.05,491.22,509.7,528.52,547.66,567.13,586.92,607.04,627.49,648.26,669.36,690.79,712.54,734.62,757.02,779.76,802.82,826.2,849.91,873.95,898.32,923.01,948.03,973.37,999.04,1025,1051.4,1078,1105,1132.3,1159.9
9.798,4.122,-1.1369e-13,-3.7955,-7.2646,-10.407,-13.223,-15.713,-17.876,-19.712,-21.222,-22.406,-23.263,-23.793,-23.998,-23.875,-23.426,-22.651,-21.549,-20.12,-18.365,-16.284,-13.876,-11.142,-8.0808,-4.6934,-0.97949,3.0609,7.4278,12.121,17.141,22.488,28.16,34.16,40.486,47.138,54.117,61.422,69.054,77.013,85.297,93.909,102.85,112.11,121.7,131.62,141.86,152.43,163.33,174.55,186.1,197.98,210.18,222.71,235.57,248.75,262.26,276.09,290.26,304.74,319.56,334.7,350.17,365.96,382.08,398.53,415.3,432.4,449.83,467.58,485.66,504.07,522.8,541.86,561.25,580.96,601,621.37,642.06,663.08,684.42,706.09,728.09,750.41,773.06,796.04,819.34,842.98,866.93,891.22,915.82,940.76,966.02,991.61,1017.5,1043.8,1070.3,1097.2,1124.5,1152,1179.9
10,0,-3.8772,-7.4278,-10.652,-13.55,-16.121,-18.365,-20.284,-21.875,-23.14,-24.079,-24.691,-24.977,-24.936,-24.569,-23.875,-22.855,-21.508,-19.835,-17.835,-15.509,-12.856,-9.8765,-6.5708,-2.9385,1.0203,5.3056,9.9174,14.856,20.12,25.712,31.629,37.874,44.444,51.342,58.565,66.116,73.992,82.196,90.725,99.582,108.76,118.27,128.11,138.27,148.76,159.58,170.72,182.19,193.98,206.1,218.55,231.32,244.42,257.85,271.6,285.69,300.09,314.83,329.88,345.27,360.98,377.02,393.39,410.08,427.1,444.44,462.12,480.11,498.44,517.09,536.07,555.37,575,594.96,615.24,635.85,656.79,678.05,699.64,721.56,743.8,766.37,789.27,812.49,836.04,859.91,884.11,908.64,933.5,958.68,984.19,1010,1036.2,1062.7,1089.5,1116.6,1144.1,1171.9,1200
